,UTCTIME,UNIXTIME,ALT,LAT,LON,#SATS,FIX,HORZV,VERTV,HEAD,FLAGS,>40,>32,>24,RSSI,BATT,Altitude AGL,Launch detection,Apogee detection,Landing detection,Distance (feet)
0,Jun 11 2025 18:32:14.799 UTC,1749684734.799,2938.8,31.0443,-103.53507,31,3,0,0,-151,3,4,17,2,-48,4.087,0.8,False,False,False,0.3118
1,Jun 11 2025 18:32:15.000 UTC,1749684735.0,2938.7,31.0443,-103.53507,31,3,0,0,-12,3,4,17,2,-48,4.087,0.7,False,False,False,0.3118
2,Jun 11 2025 18:32:15.199 UTC,1749684735.199,2938.7,31.0443,-103.53507,31,3,0,0,-119,3,4,17,2,-48,4.087,0.7,False,False,False,0.3118
3,Jun 11 2025 18:32:15.399 UTC,1749684735.399,2938.6,31.0443,-103.53507,31,3,0,0,0,3,4,17,2,-48,4.087,0.6,False,False,False,0.3118
4,Jun 11 2025 18:32:15.499 UTC,1749684735.499,2938.6,31.0443,-103.53507,31,3,0,0,-127,3,3,18,2,-48,4.087,0.6,False,False,False,0.3118
5,Jun 11 2025 18:32:15.599 UTC,1749684735.599,2938.6,31.0443,-103.53507,31,3,0,0,-105,3,3,18,2,-48,4.087,0.6,False,False,False,0.3118
6,Jun 11 2025 18:32:16.000 UTC,1749684736.0,2938.3,31.0443,-103.53507,31,3,0,0,-14,3,5,15,3,-49,4.087,0.3,False,False,False,0.3118
7,Jun 11 2025 18:32:16.199 UTC,1749684736.199,2938.2,31.0443,-103.53507,31,3,0,0,141,3,4,17,2,-49,4.087,0.2,False,False,False,0.3118
8,Jun 11 2025 18:32:16.399 UTC,1749684736.399,2938.1,31.0443,-103.53507,31,3,0,0,-59,3,6,14,3,-49,4.087,0.1,False,False,False,0.3118
9,Jun 11 2025 18:32:16.499 UTC,1749684736.499,2938.0,31.0443,-103.53507,31,3,0,0,-100,3,6,14,3,-49,4.087,0.0,False,False,False,0.3118
10,Jun 11 2025 18:32:16.699 UTC,1749684736.699,2937.9,31.0443,-103.53507,31,3,0,0,-56,3,5,15,3,-48,4.087,-0.1,False,False,False,0.3118
11,Jun 11 2025 18:32:16.899 UTC,1749684736.899,2937.9,31.0443,-103.53507,31,3,0,0,-26,3,5,15,3,-48,4.087,-0.1,False,False,False,0.3118
12,Jun 11 2025 18:32:17.000 UTC,1749684737.0,2937.8,31.0443,-103.53507,31,3,0,0,63,3,5,15,3,-48,4.087,-0.2,False,False,False,0.3118
13,Jun 11 2025 18:32:17.199 UTC,1749684737.199,2937.7,31.0443,-103.53507,31,3,0,0,-86,3,5,15,3,-48,4.087,-0.3,False,False,False,0.3118
14,Jun 11 2025 18:32:17.399 UTC,1749684737.399,2937.7,31.0443,-103.53507,31,3,0,0,-124,3,5,15,3,-48,4.087,-0.3,False,False,False,0.3118
15,Jun 11 2025 18:32:17.499 UTC,1749684737.499,2937.6,31.0443,-103.53507,31,3,0,0,99,3,5,16,2,-48,4.08,-0.4,False,False,False,0.3118
16,Jun 11 2025 18:32:17.699 UTC,1749684737.699,2937.5,31.0443,-103.53507,31,3,0,0,-47,3,5,15,3,-49,4.08,-0.5,False,False,False,0.3118
17,Jun 11 2025 18:32:17.899 UTC,1749684737.899,2937.4,31.0443,-103.53507,31,3,0,0,-70,3,5,15,3,-49,4.08,-0.6,False,False,False,0.3118
18,Jun 11 2025 18:32:18.000 UTC,1749684738.0,2937.3,31.0443,-103.53507,31,3,0,0,-157,3,5,16,2,-49,4.08,-0.7,False,False,False,0.3118
19,Jun 11 2025 18:32:18.199 UTC,1749684738.199,2937.3,31.0443,-103.53507,31,3,0,0,43,3,5,16,2,-49,4.08,-0.7,False,False,False,0.3118
20,Jun 11 2025 18:32:18.399 UTC,1749684738.399,2937.2,31.0443,-103.53507,31,3,0,0,-163,3,5,16,2,-49,4.08,-0.8,False,False,False,0.3118
21,Jun 11 2025 18:32:18.499 UTC,1749684738.499,2937.1,31.0443,-103.53506,31,3,0,0,-4,3,5,16,2,-49,4.08,-0.9,False,False,False,2.4153
22,Jun 11 2025 18:32:18.699 UTC,1749684738.699,2937.0,31.0443,-103.53506,31,3,0,0,-140,3,4,17,2,-49,4.08,-1.0,False,False,False,2.4153
23,Jun 11 2025 18:32:19.000 UTC,1749684739.0,2936.9,31.0443,-103.53506,31,3,0,0,-39,3,4,17,2,-49,4.08,-1.1,False,False,False,2.4153
24,Jun 11 2025 18:32:19.199 UTC,1749684739.199,2936.8,31.0443,-103.53506,31,3,0,0,99,3,4,17,2,-49,4.08,-1.2,False,False,False,2.4153
25,Jun 11 2025 18:32:19.399 UTC,1749684739.399,2936.8,31.0443,-103.53506,31,3,0,0,0,3,4,17,2,-49,4.08,-1.2,False,False,False,2.4153
26,Jun 11 2025 18:32:19.499 UTC,1749684739.499,2936.7,31.0443,-103.53506,31,3,0,0,93,3,4,17,2,-49,4.08,-1.3,False,False,False,2.4153
27,Jun 11 2025 18:32:19.699 UTC,1749684739.699,2936.6,31.0443,-103.53506,31,3,0,0,0,3,4,17,2,-49,4.08,-1.4,False,False,False,2.4153
28,Jun 11 2025 18:32:19.899 UTC,1749684739.899,2936.6,31.0443,-103.53506,31,3,0,0,84,3,4,17,2,-49,4.08,-1.4,False,False,False,2.4153
29,Jun 11 2025 18:32:20.000 UTC,1749684740.0,2936.6,31.0443,-103.53506,31,3,0,0,-91,3,4,17,2,-49,4.08,-1.4,False,False,False,2.4153
30,Jun 11 2025 18:32:20.199 UTC,1749684740.199,2936.6,31.0443,-103.53506,31,3,0,0,53,3,4,17,2,-49,4.08,-1.4,False,False,False,2.4153
31,Jun 11 2025 18:32:20.399 UTC,1749684740.399,2936.5,31.0443,-103.53506,31,3,0,0,-63,3,4,17,2,-49,4.08,-1.5,False,False,False,2.4153
32,Jun 11 2025 18:32:20.499 UTC,1749684740.499,2936.5,31.0443,-103.53506,31,3,0,0,121,3,4,17,2,-49,4.08,-1.5,False,False,False,2.4153
33,Jun 11 2025 18:32:20.699 UTC,1749684740.699,2936.4,31.0443,-103.53506,31,3,0,0,-151,3,4,17,2,-49,4.08,-1.6,False,False,False,2.4153
34,Jun 11 2025 18:32:20.899 UTC,1749684740.899,2936.4,31.0443,-103.53506,31,3,0,0,0,3,4,17,2,-49,4.086,-1.6,False,False,False,2.4153
35,Jun 11 2025 18:32:21.000 UTC,1749684741.0,2936.3,31.0443,-103.53506,31,3,0,0,-164,3,4,17,2,-49,4.086,-1.7,False,False,False,2.4153
36,Jun 11 2025 18:32:21.199 UTC,1749684741.199,2936.2,31.0443,-103.53506,31,3,0,0,-36,3,4,17,2,-49,4.086,-1.8,False,False,False,2.4153
37,Jun 11 2025 18:32:21.399 UTC,1749684741.399,2936.2,31.0443,-103.53506,31,3,0,0,140,3,4,17,2,-49,4.086,-1.8,False,False,False,2.4153
38,Jun 11 2025 18:32:21.599 UTC,1749684741.599,2936.1,31.0443,-103.53506,31,3,0,0,-66,3,4,17,2,-49,4.086,-1.9,False,False,False,2.4153
39,Jun 11 2025 18:32:21.799 UTC,1749684741.799,2940.9,31.0443,-103.53506,31,3,9,48,65,3,0,6,15,-45,4.086,2.9,True,False,False,2.514
40,Jun 11 2025 18:32:21.899 UTC,1749684741.899,2945.9,31.0443,-103.53506,31,3,22,56,108,3,0,4,18,-45,4.086,7.9,True,False,False,4.8307
41,Jun 11 2025 18:32:22.000 UTC,1749684742.0,2955.8,31.0443,-103.53505,30,3,23,123,82,3,0,3,14,-45,4.086,17.8,True,False,False,7.2056
42,Jun 11 2025 18:32:22.199 UTC,1749684742.199,3000.1,31.04431,-103.53504,30,3,17,286,56,3,0,4,10,-45,4.086,62.1,True,False,False,9.7714
43,Jun 11 2025 18:32:22.299 UTC,1749684742.299,3030.9,31.04431,-103.53503,24,3,22,308,115,3,0,6,5,-45,4.086,92.9,True,False,False,12.1168
44,Jun 11 2025 18:32:22.399 UTC,1749684742.399,3066.0,31.0443,-103.53503,23,3,35,344,141,3,0,4,3,-45,4.086,128.0,True,False,False,11.9593
45,Jun 11 2025 18:32:24.799 UTC,1749684744.799,4442.4,31.04395,-103.5348,7,3,22,744,-156,3,0,0,5,-48,4.072,1504.4,True,False,False,153.7441
46,Jun 11 2025 18:32:24.899 UTC,1749684744.899,4593.8,31.04401,-103.53487,8,3,20,749,-160,3,0,0,6,-48,4.072,1655.8,True,False,False,123.9607
47,Jun 11 2025 18:32:25.199 UTC,1749684745.199,4905.4,31.04403,-103.53494,7,3,18,738,-169,3,0,0,6,-48,4.072,1967.4,True,False,False,107.5658
48,Jun 11 2025 18:32:25.299 UTC,1749684745.299,5013.3,31.04403,-103.53497,8,3,16,733,-165,3,0,0,6,-48,4.072,2075.3,True,False,False,104.3373
49,Jun 11 2025 18:32:25.399 UTC,1749684745.399,5143.8,31.04404,-103.53495,8,3,15,731,-155,3,0,0,6,-48,4.072,2205.8,True,False,False,102.1492
50,Jun 11 2025 18:32:25.499 UTC,1749684745.499,5250.2,31.04405,-103.53496,7,3,17,728,-150,3,0,0,6,-48,4.072,2312.2,True,False,False,99.3289
51,Jun 11 2025 18:32:25.599 UTC,1749684745.599,5340.0,31.04405,-103.53497,7,3,19,723,-150,3,0,0,6,-48,4.072,2402.0,True,False,False,97.7089
52,Jun 11 2025 18:32:25.699 UTC,1749684745.699,5419.8,31.04404,-103.535,7,3,20,717,-153,3,0,0,7,-55,4.072,2481.8,True,False,False,98.3758
53,Jun 11 2025 18:32:25.799 UTC,1749684745.799,5498.0,31.04403,-103.53501,7,3,19,710,-156,3,0,0,7,-55,4.072,2560.0,True,False,False,100.0619
54,Jun 11 2025 18:32:25.899 UTC,1749684745.899,5574.9,31.04403,-103.53503,7,3,21,706,-162,3,0,0,7,-55,4.072,2636.9,True,False,False,100.6393
55,Jun 11 2025 18:32:26.000 UTC,1749684746.0,5653.3,31.04403,-103.53504,7,3,21,702,-161,3,0,0,7,-55,4.072,2715.3,True,False,False,101.4582
56,Jun 11 2025 18:32:26.199 UTC,1749684746.199,5800.0,31.04402,-103.53506,8,3,17,690,-167,3,0,0,8,-55,4.072,2862.0,True,False,False,103.2083
57,Jun 11 2025 18:32:26.299 UTC,1749684746.299,5881.2,31.04402,-103.53506,7,3,15,684,-163,3,0,0,7,-55,4.072,2943.2,True,False,False,103.904
58,Jun 11 2025 18:32:26.399 UTC,1749684746.399,5959.5,31.04402,-103.53506,7,3,16,680,-151,3,0,0,7,-55,4.072,3021.5,True,False,False,104.5189
59,Jun 11 2025 18:32:26.499 UTC,1749684746.499,6034.7,31.04401,-103.53506,7,3,18,677,-152,3,0,0,7,-55,4.072,3096.7,True,False,False,107.3042
60,Jun 11 2025 18:32:26.599 UTC,1749684746.599,6104.7,31.044,-103.53508,7,3,21,675,-148,3,0,0,7,-55,4.072,3166.7,True,False,False,108.6974
61,Jun 11 2025 18:32:26.699 UTC,1749684746.699,6175.0,31.044,-103.53509,7,3,19,666,-154,3,0,0,7,-59,4.072,3237.0,True,False,False,110.1674
62,Jun 11 2025 18:32:26.799 UTC,1749684746.799,6244.5,31.044,-103.53509,7,3,21,659,-161,3,0,0,7,-59,4.072,3306.5,True,False,False,111.5592
63,Jun 11 2025 18:32:26.899 UTC,1749684746.899,6312.9,31.04399,-103.5351,8,3,21,654,-162,3,0,0,8,-59,4.086,3374.9,True,False,False,112.3824
64,Jun 11 2025 18:32:27.000 UTC,1749684747.0,6381.8,31.04399,-103.5351,10,3,19,650,-164,3,0,0,10,-59,4.086,3443.8,True,False,False,114.642
65,Jun 11 2025 18:32:27.199 UTC,1749684747.199,6515.4,31.04399,-103.53511,11,3,17,639,-169,3,0,0,10,-59,4.086,3577.4,True,False,False,116.2511
66,Jun 11 2025 18:32:27.299 UTC,1749684747.299,6583.6,31.04398,-103.53511,9,3,17,636,-161,3,0,1,8,-59,4.086,3645.6,True,False,False,117.6375
67,Jun 11 2025 18:32:27.399 UTC,1749684747.399,6651.6,31.04398,-103.53511,11,3,17,632,-153,3,0,0,9,-59,4.086,3713.6,True,False,False,118.3301
68,Jun 11 2025 18:32:27.499 UTC,1749684747.499,6719.1,31.04398,-103.53511,11,3,19,627,-158,3,0,0,8,-59,4.086,3781.1,True,False,False,119.7164
69,Jun 11 2025 18:32:27.599 UTC,1749684747.599,6784.2,31.04397,-103.53512,13,3,20,626,-151,3,0,0,9,-59,4.086,3846.2,True,False,False,121.3615
70,Jun 11 2025 18:32:27.699 UTC,1749684747.699,6849.1,31.04397,-103.53512,12,3,21,623,-152,3,0,0,9,-56,4.086,3911.1,True,False,False,122.7445
71,Jun 11 2025 18:32:27.799 UTC,1749684747.799,6914.5,31.04397,-103.53513,15,3,21,618,-159,3,0,0,14,-56,4.086,3976.5,True,False,False,123.7366
72,Jun 11 2025 18:32:27.899 UTC,1749684747.899,6979.2,31.04396,-103.53513,15,3,21,615,-167,3,0,0,13,-56,4.086,4041.2,True,False,False,125.4588
73,Jun 11 2025 18:32:28.000 UTC,1749684748.0,7043.1,31.04396,-103.53513,19,3,20,610,-168,3,0,0,17,-56,4.086,4105.1,True,False,False,126.1471
74,Jun 11 2025 18:32:28.199 UTC,1749684748.199,7167.5,31.04395,-103.53514,19,3,17,601,-166,3,0,0,15,-56,4.086,4229.5,True,False,False,128.5906
75,Jun 11 2025 18:32:28.299 UTC,1749684748.299,7230.4,31.04395,-103.53514,18,3,16,597,-161,3,0,0,14,-56,4.086,4292.4,True,False,False,129.964
76,Jun 11 2025 18:32:28.399 UTC,1749684748.399,7292.6,31.04395,-103.53515,20,3,16,592,-152,3,0,0,15,-56,4.086,4354.6,True,False,False,131.0647
77,Jun 11 2025 18:32:28.499 UTC,1749684748.499,7353.6,31.04395,-103.53515,19,3,16,587,-153,3,0,0,14,-56,4.086,4415.6,True,False,False,131.7502
78,Jun 11 2025 18:32:28.599 UTC,1749684748.599,7414.1,31.04395,-103.53516,19,3,18,585,-150,3,0,0,13,-56,4.086,4476.1,True,False,False,132.8862
79,Jun 11 2025 18:32:28.699 UTC,1749684748.699,7475.8,31.04394,-103.53516,21,3,21,584,-152,3,0,0,13,-59,4.086,4537.8,True,False,False,133.5686
80,Jun 11 2025 18:32:28.799 UTC,1749684748.799,7537.5,31.04394,-103.53516,23,3,19,580,-148,3,0,0,14,-59,4.086,4599.5,True,False,False,134.7398
81,Jun 11 2025 18:32:28.899 UTC,1749684748.899,7598.8,31.04394,-103.53517,26,3,20,574,-155,3,0,0,17,-59,4.086,4660.8,True,False,False,135.267
82,Jun 11 2025 18:32:29.000 UTC,1749684749.0,7659.3,31.04394,-103.53518,25,3,21,570,-162,3,0,0,17,-59,4.086,4721.3,True,False,False,136.5102
83,Jun 11 2025 18:32:29.299 UTC,1749684749.299,7830.4,31.04393,-103.53519,26,3,17,554,-164,3,0,0,16,-59,4.085,4892.4,True,False,False,141.1532
84,Jun 11 2025 18:32:29.399 UTC,1749684749.399,7887.8,31.04393,-103.53519,28,3,16,548,-162,3,0,0,17,-59,4.085,4949.8,True,False,False,142.4484
85,Jun 11 2025 18:32:29.499 UTC,1749684749.499,7944.9,31.04392,-103.53519,30,3,15,544,-154,3,0,0,17,-59,4.085,5006.9,True,False,False,143.1198
86,Jun 11 2025 18:32:29.599 UTC,1749684749.599,8001.7,31.04392,-103.5352,31,3,16,540,-153,3,0,0,17,-59,4.085,5063.7,True,False,False,144.4439
87,Jun 11 2025 18:32:29.699 UTC,1749684749.699,8058.0,31.04392,-103.5352,32,3,17,535,-153,3,0,0,17,-60,4.085,5120.0,True,False,False,145.1125
88,Jun 11 2025 18:32:29.799 UTC,1749684749.799,8113.1,31.04392,-103.53521,32,3,18,529,-154,3,0,0,16,-60,4.085,5175.1,True,False,False,146.464
89,Jun 11 2025 18:32:29.899 UTC,1749684749.899,8166.8,31.04391,-103.53521,31,3,18,522,-160,3,0,0,15,-60,4.085,5228.8,True,False,False,147.7963
90,Jun 11 2025 18:32:30.000 UTC,1749684750.0,8220.3,31.04391,-103.53522,31,3,19,518,-160,3,0,0,17,-60,4.085,5282.3,True,False,False,149.1714
91,Jun 11 2025 18:32:30.299 UTC,1749684750.299,8376.9,31.0439,-103.53522,31,3,21,513,-163,3,0,0,16,-60,4.085,5438.9,True,False,False,155.2075
92,Jun 11 2025 18:32:30.499 UTC,1749684750.499,8480.3,31.04389,-103.53522,31,3,19,506,-160,3,0,0,14,-60,4.085,5542.3,True,False,False,158.5248
93,Jun 11 2025 18:32:30.699 UTC,1749684750.699,8582.2,31.04388,-103.53523,31,3,17,496,-157,3,0,0,14,-57,4.085,5644.2,True,False,False,161.9075
94,Jun 11 2025 18:32:30.899 UTC,1749684750.899,8678.7,31.04387,-103.53523,32,3,15,479,-158,3,0,0,16,-57,4.085,5740.7,True,False,False,164.5593
95,Jun 11 2025 18:32:31.000 UTC,1749684751.0,8725.8,31.04387,-103.53523,32,3,16,474,-156,3,0,0,16,-57,4.085,5787.8,True,False,False,165.2227
96,Jun 11 2025 18:32:31.299 UTC,1749684751.299,8868.8,31.04386,-103.53524,30,3,19,467,-154,3,0,0,16,-57,4.085,5930.8,True,False,False,169.9331
97,Jun 11 2025 18:32:31.499 UTC,1749684751.499,8963.1,31.04385,-103.53525,29,3,20,462,-163,3,0,0,15,-57,4.085,6025.1,True,False,False,173.9878
98,Jun 11 2025 18:32:31.699 UTC,1749684751.699,9056.6,31.04384,-103.53526,31,3,19,454,-165,3,0,1,16,-65,4.085,6118.6,True,False,False,178.0503
99,Jun 11 2025 18:32:31.899 UTC,1749684751.899,9143.1,31.04383,-103.53526,31,3,15,437,-165,3,0,0,17,-65,4.085,6205.1,True,False,False,180.6901
100,Jun 11 2025 18:32:32.000 UTC,1749684752.0,9184.7,31.04383,-103.53526,32,3,16,433,-167,3,0,0,17,-65,4.085,6246.7,True,False,False,182.0123
101,Jun 11 2025 18:32:32.199 UTC,1749684752.199,9271.1,31.04382,-103.53526,32,3,17,430,-160,3,0,0,17,-65,4.085,6333.1,True,False,False,183.9972
102,Jun 11 2025 18:32:32.399 UTC,1749684752.399,9356.4,31.04382,-103.53526,32,3,18,425,-152,3,0,0,17,-65,4.085,6418.4,True,False,False,187.3933
103,Jun 11 2025 18:32:32.599 UTC,1749684752.599,9440.5,31.04381,-103.53526,32,3,20,421,-148,3,0,0,17,-65,4.072,6502.5,True,False,False,190.0369
104,Jun 11 2025 18:32:32.699 UTC,1749684752.699,9482.1,31.0438,-103.53527,32,3,19,417,-152,3,0,0,18,-62,4.072,6544.1,True,False,False,192.1176
105,Jun 11 2025 18:32:32.799 UTC,1749684752.799,9523.7,31.0438,-103.53527,32,3,18,412,-156,3,0,0,17,-62,4.072,6585.7,True,False,False,192.7774
106,Jun 11 2025 18:32:32.899 UTC,1749684752.899,9564.4,31.0438,-103.53527,32,3,20,408,-162,3,0,0,17,-62,4.072,6626.4,True,False,False,194.0968
107,Jun 11 2025 18:32:33.000 UTC,1749684753.0,9604.8,31.04379,-103.53528,32,3,20,405,-165,3,0,0,20,-62,4.072,6666.8,True,False,False,196.1888
108,Jun 11 2025 18:32:33.199 UTC,1749684753.199,9685.2,31.04379,-103.53528,32,3,16,402,-163,3,0,1,18,-62,4.072,6747.2,True,False,False,199.4819
109,Jun 11 2025 18:32:33.299 UTC,1749684753.299,9724.5,31.04378,-103.53528,32,3,16,397,-164,3,0,0,19,-62,4.072,6786.5,True,False,False,200.8006
110,Jun 11 2025 18:32:33.399 UTC,1749684753.399,9763.3,31.04378,-103.53528,32,3,16,393,-164,3,0,0,20,-62,4.072,6825.3,True,False,False,201.4607
111,Jun 11 2025 18:32:33.499 UTC,1749684753.499,9802.1,31.04378,-103.53528,32,3,16,390,-161,3,0,0,19,-62,4.072,6864.1,True,False,False,202.7812
112,Jun 11 2025 18:32:33.599 UTC,1749684753.599,9840.6,31.04377,-103.53528,32,3,16,385,-156,3,0,0,19,-62,4.072,6902.6,True,False,False,204.1024
113,Jun 11 2025 18:32:33.699 UTC,1749684753.699,9878.5,31.04377,-103.53529,32,3,16,379,-159,3,0,0,18,-62,4.072,6940.5,True,False,False,206.1864
114,Jun 11 2025 18:32:33.799 UTC,1749684753.799,9916.0,31.04376,-103.53529,32,3,17,378,-156,3,0,0,18,-62,4.072,6978.0,True,False,False,207.5049
115,Jun 11 2025 18:32:34.000 UTC,1749684754.0,9990.5,31.04375,-103.53529,30,3,18,371,-154,3,0,0,19,-62,4.072,7052.5,True,False,False,210.805
116,Jun 11 2025 18:32:34.199 UTC,1749684754.199,10064.8,31.04375,-103.53529,27,3,19,365,-155,3,0,0,16,-62,4.072,7126.8,True,False,False,214.2094
117,Jun 11 2025 18:32:34.299 UTC,1749684754.299,10101.5,31.04374,-103.53529,28,3,19,361,-156,3,0,0,15,-62,4.072,7163.5,True,False,False,216.1879
118,Jun 11 2025 18:32:34.399 UTC,1749684754.399,10136.9,31.04374,-103.5353,32,3,20,355,-158,3,0,0,16,-62,4.072,7198.9,True,False,False,218.2799
119,Jun 11 2025 18:32:34.499 UTC,1749684754.499,10173.2,31.04373,-103.5353,30,3,20,352,-161,3,0,0,15,-62,4.072,7235.2,True,False,False,220.2549
120,Jun 11 2025 18:32:34.599 UTC,1749684754.599,10209.0,31.04373,-103.5353,29,3,19,348,-163,3,0,0,17,-62,4.072,7271.0,True,False,False,221.5731
121,Jun 11 2025 18:32:34.699 UTC,1749684754.699,10244.2,31.04372,-103.53531,26,3,19,344,-164,3,0,0,13,-62,4.072,7306.2,True,False,False,224.3278
122,Jun 11 2025 18:32:34.799 UTC,1749684754.799,10278.9,31.04372,-103.53531,28,3,18,340,-163,3,0,0,13,-62,4.086,7340.9,True,False,False,226.3018
123,Jun 11 2025 18:32:34.899 UTC,1749684754.899,10312.4,31.04371,-103.53531,32,3,18,336,-161,3,0,0,17,-62,4.086,7374.4,True,False,False,227.6187
124,Jun 11 2025 18:32:35.000 UTC,1749684755.0,10345.1,31.04371,-103.53532,30,3,17,333,-161,3,0,0,19,-62,4.086,7407.1,True,False,False,229.7196
125,Jun 11 2025 18:32:35.199 UTC,1749684755.199,10412.4,31.0437,-103.53532,30,3,16,326,-158,3,0,1,15,-62,4.086,7474.4,True,False,False,233.0072
126,Jun 11 2025 18:32:35.299 UTC,1749684755.299,10446.3,31.04369,-103.53532,30,3,16,323,-156,3,0,2,12,-62,4.086,7508.3,True,False,False,234.9826
127,Jun 11 2025 18:32:35.399 UTC,1749684755.399,10479.4,31.04369,-103.53532,30,3,16,320,-153,3,0,1,13,-62,4.086,7541.4,True,False,False,236.3005
128,Jun 11 2025 18:32:35.499 UTC,1749684755.499,10512.0,31.04368,-103.53532,29,3,18,314,-159,3,0,1,15,-62,4.086,7574.0,True,False,False,239.0553
129,Jun 11 2025 18:32:35.599 UTC,1749684755.599,10543.9,31.04368,-103.53532,29,3,18,311,-156,3,0,1,17,-62,4.086,7605.9,True,False,False,240.3711
130,Jun 11 2025 18:32:35.699 UTC,1749684755.699,10575.4,31.04367,-103.53532,29,3,18,308,-157,3,0,0,18,-54,4.086,7637.4,True,False,False,242.3462
131,Jun 11 2025 18:32:35.799 UTC,1749684755.799,10605.7,31.04367,-103.53532,32,3,18,306,-156,3,0,0,18,-54,4.086,7667.7,True,False,False,243.6644
132,Jun 11 2025 18:32:35.899 UTC,1749684755.899,10635.6,31.04367,-103.53533,32,3,18,302,-156,3,0,0,17,-54,4.086,7697.6,True,False,False,245.7615
133,Jun 11 2025 18:32:36.000 UTC,1749684756.0,10665.2,31.04366,-103.53533,32,3,18,298,-158,3,0,0,16,-54,4.086,7727.2,True,False,False,247.7351
134,Jun 11 2025 18:32:36.199 UTC,1749684756.199,10723.8,31.04365,-103.53534,32,3,20,292,-161,3,0,0,18,-54,4.086,7785.8,True,False,False,251.8104
135,Jun 11 2025 18:32:36.299 UTC,1749684756.299,10752.6,31.04365,-103.53534,32,3,20,288,-161,3,0,0,18,-54,4.086,7814.6,True,False,False,253.1252
136,Jun 11 2025 18:32:36.399 UTC,1749684756.399,10781.3,31.04364,-103.53534,32,3,19,286,-165,3,0,0,19,-54,4.086,7843.3,True,False,False,255.0988
137,Jun 11 2025 18:32:36.499 UTC,1749684756.499,10809.6,31.04364,-103.53534,31,3,20,283,-165,3,0,0,15,-54,4.086,7871.6,True,False,False,256.4153
138,Jun 11 2025 18:32:36.599 UTC,1749684756.599,10837.4,31.04363,-103.53535,32,3,19,279,-165,3,0,0,16,-54,4.086,7899.4,True,False,False,259.1739
139,Jun 11 2025 18:32:36.699 UTC,1749684756.699,10865.8,31.04363,-103.53535,30,3,19,275,-165,3,0,0,16,-67,4.086,7927.8,True,False,False,260.4886
140,Jun 11 2025 18:32:36.799 UTC,1749684756.799,10892.5,31.04362,-103.53535,32,3,18,272,-165,3,0,0,18,-67,4.086,7954.5,True,False,False,262.4626
141,Jun 11 2025 18:32:36.899 UTC,1749684756.899,10918.9,31.04362,-103.53535,32,3,17,269,-163,3,0,0,19,-67,4.086,7980.9,True,False,False,263.7792
142,Jun 11 2025 18:32:37.000 UTC,1749684757.0,10944.7,31.04362,-103.53535,31,3,17,264,-162,3,0,1,17,-67,4.086,8006.7,True,False,False,265.8804
143,Jun 11 2025 18:32:37.199 UTC,1749684757.199,10996.0,31.04361,-103.53535,32,3,18,256,-162,3,0,1,16,-67,4.086,8058.0,True,False,False,269.1681
144,Jun 11 2025 18:32:37.299 UTC,1749684757.299,11020.9,31.0436,-103.53535,29,3,17,252,-159,3,0,1,15,-67,4.086,8082.9,True,False,False,271.1429
145,Jun 11 2025 18:32:37.399 UTC,1749684757.399,11045.4,31.0436,-103.53535,29,3,17,249,-157,3,0,1,15,-67,4.086,8107.4,True,False,False,272.4604
146,Jun 11 2025 18:32:37.499 UTC,1749684757.499,11070.0,31.04359,-103.53535,29,3,17,247,-158,3,0,1,15,-67,4.086,8132.0,True,False,False,274.4384
147,Jun 11 2025 18:32:37.599 UTC,1749684757.599,11095.6,31.04359,-103.53536,28,3,17,242,-154,3,0,1,14,-67,4.086,8157.6,True,False,False,276.5317
148,Jun 11 2025 18:32:37.699 UTC,1749684757.699,11120.4,31.04358,-103.53536,28,3,18,239,-157,3,0,1,13,-56,4.086,8182.4,True,False,False,278.5068
149,Jun 11 2025 18:32:37.799 UTC,1749684757.799,11144.5,31.04358,-103.53537,28,3,18,236,-155,3,0,1,12,-56,4.086,8206.5,True,False,False,280.6074
150,Jun 11 2025 18:32:37.899 UTC,1749684757.899,11168.3,31.04357,-103.53537,29,3,18,231,-156,3,0,0,13,-56,4.086,8230.3,True,False,False,282.5797
151,Jun 11 2025 18:32:38.000 UTC,1749684758.0,11191.7,31.04357,-103.53537,29,3,18,228,-156,3,0,0,12,-56,4.086,8253.7,True,False,False,283.8956
152,Jun 11 2025 18:32:38.199 UTC,1749684758.199,11236.6,31.04356,-103.53538,29,3,19,221,-159,3,0,0,13,-56,4.086,8298.6,True,False,False,287.9712
153,Jun 11 2025 18:32:38.399 UTC,1749684758.399,11280.7,31.04355,-103.53538,30,3,20,215,-160,3,0,0,15,-56,4.086,8342.7,True,False,False,291.2593
154,Jun 11 2025 18:32:38.499 UTC,1749684758.499,11302.6,31.04354,-103.53539,30,3,20,211,-160,3,0,0,14,-56,4.086,8364.6,True,False,False,294.0206
155,Jun 11 2025 18:32:38.599 UTC,1749684758.599,11324.3,31.04354,-103.53539,31,3,19,208,-161,3,0,0,16,-56,4.086,8386.3,True,False,False,295.3345
156,Jun 11 2025 18:32:38.699 UTC,1749684758.699,11345.5,31.04354,-103.53539,31,3,19,205,-161,3,0,0,16,-56,4.086,8407.5,True,False,False,297.4457
157,Jun 11 2025 18:32:38.799 UTC,1749684758.799,11366.4,31.04353,-103.53539,31,3,19,200,-161,3,0,0,18,-56,4.086,8428.4,True,False,False,299.4137
158,Jun 11 2025 18:32:38.899 UTC,1749684758.899,11386.9,31.04353,-103.53539,30,3,19,197,-162,3,0,0,18,-56,4.086,8448.9,True,False,False,300.727
159,Jun 11 2025 18:32:39.199 UTC,1749684759.199,11446.1,31.04351,-103.5354,28,3,19,188,-162,3,0,0,16,-56,4.086,8508.1,True,False,False,306.121
160,Jun 11 2025 18:32:39.299 UTC,1749684759.299,11465.0,31.04351,-103.5354,30,3,18,186,-163,3,0,0,18,-56,4.086,8527.0,True,False,False,308.0906
161,Jun 11 2025 18:32:39.399 UTC,1749684759.399,11483.6,31.0435,-103.5354,30,3,17,182,-162,3,0,0,19,-56,4.086,8545.6,True,False,False,309.4044
162,Jun 11 2025 18:32:39.499 UTC,1749684759.499,11501.8,31.0435,-103.53541,30,3,17,178,-160,3,0,0,19,-56,4.086,8563.8,True,False,False,312.1719
163,Jun 11 2025 18:32:39.599 UTC,1749684759.599,11519.8,31.04349,-103.53541,30,3,17,175,-162,3,0,0,18,-56,4.086,8581.8,True,False,False,313.4841
164,Jun 11 2025 18:32:39.699 UTC,1749684759.699,11538.0,31.04349,-103.53541,31,3,17,172,-161,3,0,1,16,-59,4.086,8600.0,True,False,False,314.7971
165,Jun 11 2025 18:32:39.799 UTC,1749684759.799,11556.0,31.04348,-103.53541,30,3,17,169,-160,3,0,1,16,-59,4.086,8618.0,True,False,False,316.768
166,Jun 11 2025 18:32:39.899 UTC,1749684759.899,11573.5,31.04348,-103.53541,30,3,17,164,-159,3,0,1,16,-59,4.086,8635.5,True,False,False,318.7404
167,Jun 11 2025 18:32:40.099 UTC,1749684760.099,11606.8,31.04347,-103.53542,32,3,18,158,-158,3,0,1,14,-59,4.086,8668.8,True,False,False,322.8175
168,Jun 11 2025 18:32:40.299 UTC,1749684760.299,11638.6,31.04346,-103.53542,32,3,17,151,-158,3,0,1,14,-59,4.086,8700.6,True,False,False,326.1039
169,Jun 11 2025 18:32:40.399 UTC,1749684760.399,11654.0,31.04345,-103.53542,31,3,17,149,-155,3,0,0,16,-59,4.086,8716.0,True,False,False,328.8675
170,Jun 11 2025 18:32:40.499 UTC,1749684760.499,11668.9,31.04345,-103.53542,30,3,18,146,-157,3,0,0,16,-59,4.086,8730.9,True,False,False,330.1811
171,Jun 11 2025 18:32:40.599 UTC,1749684760.599,11683.5,31.04345,-103.53543,29,3,18,142,-156,3,0,0,17,-59,4.086,8745.5,True,False,False,332.2939
172,Jun 11 2025 18:32:40.699 UTC,1749684760.699,11697.6,31.04344,-103.53543,30,3,18,138,-157,3,0,0,16,-54,4.086,8759.6,True,False,False,334.2614
173,Jun 11 2025 18:32:40.799 UTC,1749684760.799,11711.5,31.04344,-103.53543,30,3,18,135,-157,3,0,0,15,-54,4.086,8773.5,True,False,False,335.5744
174,Jun 11 2025 18:32:40.899 UTC,1749684760.899,11725.2,31.04343,-103.53544,29,3,18,132,-158,3,0,0,15,-54,4.086,8787.2,True,False,False,338.3456
175,Jun 11 2025 18:32:41.099 UTC,1749684761.099,11751.1,31.04342,-103.53544,29,3,18,125,-157,3,0,0,13,-54,4.086,8813.1,True,False,False,341.6248
176,Jun 11 2025 18:32:41.299 UTC,1749684761.299,11775.8,31.04341,-103.53545,29,3,20,120,-157,3,0,0,15,-54,4.086,8837.8,True,False,False,345.7086
177,Jun 11 2025 18:32:41.399 UTC,1749684761.399,11787.7,31.04341,-103.53545,30,3,19,116,-158,3,0,0,15,-54,4.086,8849.7,True,False,False,347.6759
178,Jun 11 2025 18:32:41.499 UTC,1749684761.499,11799.7,31.0434,-103.53545,32,3,20,113,-158,3,0,0,15,-54,4.086,8861.7,True,False,False,349.7955
179,Jun 11 2025 18:32:41.599 UTC,1749684761.599,11811.0,31.0434,-103.53545,29,3,20,110,-160,3,0,0,16,-54,4.086,8873.0,True,False,False,351.7606
180,Jun 11 2025 18:32:41.699 UTC,1749684761.699,11821.9,31.04339,-103.53545,29,3,20,106,-161,3,0,0,16,-54,4.086,8883.9,True,False,False,353.7273
181,Jun 11 2025 18:32:41.799 UTC,1749684761.799,11832.6,31.04339,-103.53545,29,3,19,103,-161,3,0,0,13,-54,4.086,8894.6,True,False,False,355.0389
182,Jun 11 2025 18:32:41.899 UTC,1749684761.899,11842.9,31.04338,-103.53546,29,3,20,100,-162,3,0,0,13,-54,4.086,8904.9,True,False,False,357.8132
183,Jun 11 2025 18:32:42.000 UTC,1749684762.0,11852.8,31.04338,-103.53546,30,3,20,97,-162,3,0,0,14,-54,4.086,8914.8,True,False,False,359.779
184,Jun 11 2025 18:32:42.199 UTC,1749684762.199,11871.6,31.04337,-103.53547,29,3,19,89,-163,3,0,0,13,-54,4.086,8933.6,True,False,False,363.8658
185,Jun 11 2025 18:32:42.299 UTC,1749684762.299,11880.6,31.04336,-103.53547,28,3,19,86,-163,3,0,0,13,-54,4.086,8942.6,True,False,False,365.831
186,Jun 11 2025 18:32:42.399 UTC,1749684762.399,11889.1,31.04336,-103.53547,28,3,20,83,-163,3,0,0,14,-54,4.086,8951.1,True,False,False,367.1418
187,Jun 11 2025 18:32:42.499 UTC,1749684762.499,11897.4,31.04335,-103.53547,27,3,19,80,-163,3,0,0,14,-54,4.086,8959.4,True,False,False,369.1093
188,Jun 11 2025 18:32:42.699 UTC,1749684762.699,11912.9,31.04334,-103.53548,29,3,19,73,-161,3,0,0,17,-56,4.086,8974.9,True,False,False,373.1939
189,Jun 11 2025 18:32:42.799 UTC,1749684762.799,11920.1,31.04334,-103.53548,30,3,18,70,-161,3,0,1,17,-56,4.086,8982.1,True,False,False,374.505
190,Jun 11 2025 18:32:42.899 UTC,1749684762.899,11927.0,31.04333,-103.53548,30,3,18,67,-161,3,0,1,18,-56,4.086,8989.0,True,False,False,376.4727
191,Jun 11 2025 18:32:43.000 UTC,1749684763.0,11933.6,31.04333,-103.53548,30,3,18,63,-162,3,0,1,16,-56,4.086,8995.6,True,False,False,377.785
192,Jun 11 2025 18:32:43.199 UTC,1749684763.199,11945.7,31.04332,-103.53548,31,3,18,57,-161,3,0,0,14,-56,4.086,9007.7,True,False,False,381.8681
193,Jun 11 2025 18:32:43.299 UTC,1749684763.299,11951.1,31.04331,-103.53548,30,3,18,54,-161,3,0,0,15,-56,4.086,9013.1,True,False,False,383.1798
194,Jun 11 2025 18:32:43.399 UTC,1749684763.399,11956.2,31.04331,-103.53548,28,3,18,50,-161,3,0,0,14,-56,4.086,9018.2,True,False,False,385.1483
195,Jun 11 2025 18:32:43.499 UTC,1749684763.499,11960.9,31.0433,-103.53549,29,3,18,47,-161,3,0,0,14,-56,4.086,9022.9,True,False,False,387.2643
196,Jun 11 2025 18:32:43.699 UTC,1749684763.699,11969.4,31.04329,-103.53549,30,3,18,41,-159,3,0,1,13,-58,4.086,9031.4,True,False,False,390.543
197,Jun 11 2025 18:32:43.799 UTC,1749684763.799,11973.3,31.04329,-103.5355,29,3,18,37,-161,3,0,1,13,-58,4.086,9035.3,True,False,False,392.6616
198,Jun 11 2025 18:32:43.899 UTC,1749684763.899,11976.8,31.04329,-103.5355,28,3,18,34,-160,3,0,1,14,-58,4.086,9038.8,True,False,False,394.6273
199,Jun 11 2025 18:32:44.000 UTC,1749684764.0,11980.2,31.04328,-103.5355,29,3,18,31,-160,3,0,1,14,-58,4.086,9042.2,True,False,False,395.9383
200,Jun 11 2025 18:32:44.199 UTC,1749684764.199,11986.1,31.04327,-103.53551,29,3,17,25,-158,3,0,2,12,-58,4.086,9048.1,True,False,False,400.0244
201,Jun 11 2025 18:32:44.299 UTC,1749684764.299,11988.6,31.04327,-103.53551,29,3,18,22,-158,3,0,1,14,-58,4.085,9050.6,True,False,False,401.9903
202,Jun 11 2025 18:32:44.399 UTC,1749684764.399,11990.8,31.04326,-103.53551,29,3,17,19,-156,3,0,1,14,-58,4.085,9052.8,True,False,False,403.3015
203,Jun 11 2025 18:32:44.499 UTC,1749684764.499,11992.7,31.04326,-103.53551,29,3,18,15,-157,3,0,1,14,-58,4.085,9054.7,True,False,False,406.0772
204,Jun 11 2025 18:32:44.699 UTC,1749684764.699,11995.6,31.04325,-103.53551,28,3,18,9,-156,3,0,1,13,-55,4.085,9057.6,True,False,False,408.6978
205,Jun 11 2025 18:32:44.799 UTC,1749684764.799,11996.6,31.04324,-103.53551,29,3,18,5,-158,3,0,0,17,-55,4.085,9058.6,True,False,False,410.6645
206,Jun 11 2025 18:32:44.899 UTC,1749684764.899,11997.4,31.04324,-103.53552,28,3,18,2,-159,3,0,0,16,-55,4.085,9059.4,True,False,False,413.4399
207,Jun 11 2025 18:32:45.000 UTC,1749684765.0,11998.4,31.04323,-103.53552,32,3,18,0,-158,3,0,0,16,-55,4.085,9060.4,True,False,False,414.7499
208,Jun 11 2025 18:32:45.199 UTC,1749684765.199,11999.1,31.04322,-103.53552,32,3,15,3,-170,3,0,0,6,-55,4.085,9061.1,True,False,False,418.0277
209,Jun 11 2025 18:32:45.299 UTC,1749684765.299,12000.0,31.04322,-103.53552,32,3,15,5,-178,3,0,0,7,-55,4.085,9062.0,True,False,False,419.3398
210,Jun 11 2025 18:32:45.399 UTC,1749684765.399,12001.8,31.04322,-103.53552,32,3,10,14,126,3,0,0,6,-55,4.085,9063.8,True,False,False,419.3398
211,Jun 11 2025 18:32:45.499 UTC,1749684765.499,12003.9,31.04322,-103.53552,32,3,13,36,-179,3,0,0,4,-55,4.085,9065.9,True,False,False,420.6522
212,Jun 11 2025 18:32:45.599 UTC,1749684765.599,12007.1,31.04321,-103.53552,32,3,16,45,-142,3,0,0,2,-55,4.085,9069.1,True,False,False,421.3087
213,Jun 11 2025 18:32:45.699 UTC,1749684765.699,12010.5,31.04321,-103.53553,32,3,17,46,-139,3,0,0,1,-61,4.085,9072.5,True,False,False,423.4238
214,Jun 11 2025 18:32:45.799 UTC,1749684765.799,12013.5,31.04321,-103.53553,32,3,17,41,-146,3,0,0,0,-61,4.085,9075.5,True,False,False,424.735
215,Jun 11 2025 18:32:45.899 UTC,1749684765.899,12015.8,31.0432,-103.53554,32,3,14,32,-148,3,0,0,0,-61,4.085,9077.8,True,False,False,426.8553
216,Jun 11 2025 18:32:46.000 UTC,1749684766.0,12017.7,31.0432,-103.53554,32,3,12,26,-139,3,0,0,0,-61,4.085,9079.7,True,False,False,427.5102
217,Jun 11 2025 18:32:46.199 UTC,1749684766.199,12022.3,31.0432,-103.53555,32,3,15,24,-129,3,0,0,0,-61,4.085,9084.3,True,True,False,430.2911
218,Jun 11 2025 18:32:46.299 UTC,1749684766.299,12022.0,31.04319,-103.53555,31,3,9,11,-129,3,0,0,0,-61,4.085,9084.0,True,True,False,430.9452
219,Jun 11 2025 18:32:46.399 UTC,1749684766.399,12020.3,31.04319,-103.53555,32,3,15,-1,-104,3,0,0,0,-61,4.085,9082.3,True,True,False,431.7711
220,Jun 11 2025 18:32:46.499 UTC,1749684766.499,12017.7,31.04319,-103.53556,32,3,20,-11,-96,3,0,0,0,-61,4.085,9079.7,True,True,False,432.6084
221,Jun 11 2025 18:32:46.599 UTC,1749684766.599,12014.5,31.04319,-103.53557,32,3,25,-20,-93,3,0,0,0,-61,4.087,9076.5,True,True,False,433.4574
222,Jun 11 2025 18:32:46.699 UTC,1749684766.699,12009.8,31.04319,-103.53558,32,3,25,-33,-84,3,0,0,0,-50,4.087,9071.8,True,True,False,434.3176
223,Jun 11 2025 18:32:46.799 UTC,1749684766.799,12004.0,31.0432,-103.53559,32,3,32,-45,-78,3,0,0,0,-50,4.087,9066.0,True,True,False,435.4262
224,Jun 11 2025 18:32:47.000 UTC,1749684767.0,11992.6,31.0432,-103.53561,32,3,31,-55,-77,3,0,0,0,-50,4.087,9054.6,True,True,False,435.9417
225,Jun 11 2025 18:32:47.199 UTC,1749684767.199,11978.2,31.04321,-103.53564,32,3,45,-71,-72,3,0,0,0,-50,4.087,9040.2,True,True,False,437.7777
226,Jun 11 2025 18:32:47.299 UTC,1749684767.299,11969.7,31.04321,-103.53565,29,3,50,-78,-71,3,0,0,0,-50,4.087,9031.7,True,True,False,438.4577
227,Jun 11 2025 18:32:47.399 UTC,1749684767.399,11961.1,31.04321,-103.53567,28,3,52,-81,-72,3,0,0,0,-50,4.087,9023.1,True,True,False,439.1926
228,Jun 11 2025 18:32:47.499 UTC,1749684767.499,11953.2,31.04322,-103.53568,26,3,54,-81,-74,3,0,0,0,-50,4.087,9015.2,True,True,False,439.9826
229,Jun 11 2025 18:32:47.599 UTC,1749684767.599,11961.1,31.04322,-103.53567,31,3,2,-42,-11,3,0,0,0,-50,4.087,9023.1,True,True,False,437.3009
230,Jun 11 2025 18:32:47.699 UTC,1749684767.699,11961.1,31.04322,-103.53567,30,3,7,-26,-52,3,0,0,0,-50,4.087,9023.1,True,True,False,436.6706
231,Jun 11 2025 18:32:47.899 UTC,1749684767.899,11958.9,31.04323,-103.53568,27,3,29,-11,-48,3,0,0,0,-50,4.087,9020.9,True,True,False,435.1811
232,Jun 11 2025 18:32:48.099 UTC,1749684768.099,11955.5,31.04323,-103.53568,25,3,10,-22,-145,3,0,0,0,-50,4.087,9017.5,True,True,False,436.8476
233,Jun 11 2025 18:32:48.199 UTC,1749684768.199,11953.1,31.04322,-103.53568,23,3,16,-25,-172,3,0,0,0,-50,4.087,9015.1,True,True,False,438.7281
234,Jun 11 2025 18:32:48.299 UTC,1749684768.299,11950.5,31.04321,-103.53568,22,3,20,-27,178,3,0,0,0,-50,4.087,9012.5,True,True,False,440.6105
235,Jun 11 2025 18:32:48.399 UTC,1749684768.399,11949.2,31.04321,-103.53568,19,3,22,-22,173,3,0,0,0,-50,4.087,9011.2,True,True,False,442.0993
236,Jun 11 2025 18:32:48.499 UTC,1749684768.499,11947.3,31.0432,-103.53568,18,3,19,-22,161,3,0,0,0,-50,4.087,9009.3,True,True,False,443.9903
237,Jun 11 2025 18:32:50.000 UTC,1749684770.0,11897.9,31.04315,-103.53566,15,3,15,-29,170,3,0,0,0,-61,4.085,8959.9,True,True,False,459.7929
238,Jun 11 2025 18:32:51.000 UTC,1749684771.0,11848.6,31.04309,-103.53565,14,3,25,-50,178,3,0,0,0,-60,4.085,8910.6,True,True,False,480.0443
239,Jun 11 2025 18:32:52.000 UTC,1749684772.0,11801.1,31.04302,-103.53564,17,3,17,-28,-179,3,0,0,0,-52,4.085,8863.1,True,True,False,500.9979
240,Jun 11 2025 18:32:53.000 UTC,1749684773.0,11748.1,31.04297,-103.53562,17,3,24,-51,-168,3,0,0,0,-55,4.085,8810.1,True,True,False,516.3766
241,Jun 11 2025 18:32:54.000 UTC,1749684774.0,11681.5,31.04289,-103.53561,19,3,23,-54,169,3,0,0,0,-49,4.084,8743.5,True,True,False,541.9007
242,Jun 11 2025 18:32:55.000 UTC,1749684775.0,11625.5,31.04282,-103.5356,21,3,18,-44,-169,3,0,0,0,-52,4.084,8687.5,True,True,False,564.4423
243,Jun 11 2025 18:32:56.000 UTC,1749684776.0,11583.2,31.04275,-103.53562,22,3,28,-40,-158,3,0,0,0,-70,4.085,8645.2,True,True,False,593.1851
244,Jun 11 2025 18:32:57.000 UTC,1749684777.0,11527.6,31.04265,-103.53563,25,3,32,-51,-179,3,0,0,0,-55,4.085,8589.6,True,True,False,627.2614
245,Jun 11 2025 18:32:58.000 UTC,1749684778.0,11475.1,31.04254,-103.53564,25,3,35,-42,-171,3,0,0,0,-49,4.071,8537.1,True,True,False,668.1407
246,Jun 11 2025 18:32:59.000 UTC,1749684779.0,11420.2,31.04243,-103.53564,27,3,37,-48,173,3,0,0,0,-53,4.071,8482.2,True,True,False,706.5121
247,Jun 11 2025 18:33:00.000 UTC,1749684780.0,11365.9,31.04232,-103.53562,26,3,28,-39,-177,3,0,0,0,-55,4.084,8427.9,True,True,False,742.5504
248,Jun 11 2025 18:33:01.000 UTC,1749684781.0,11304.0,31.04224,-103.53565,27,3,30,-52,-150,3,0,0,1,-51,4.084,8366.0,True,True,False,775.2595
249,Jun 11 2025 18:33:02.000 UTC,1749684782.0,11241.8,31.04218,-103.53569,25,3,21,-53,-168,3,0,0,1,-61,4.084,8303.8,True,True,False,799.0751
250,Jun 11 2025 18:33:03.000 UTC,1749684783.0,11181.9,31.0421,-103.53571,27,3,26,-50,-161,3,0,0,3,-51,4.084,8243.9,True,True,False,830.548
251,Jun 11 2025 18:33:04.000 UTC,1749684784.0,11122.0,31.04203,-103.53572,28,3,25,-56,172,3,0,0,3,-55,4.085,8184.0,True,True,False,854.7918
252,Jun 11 2025 18:33:05.000 UTC,1749684785.0,11065.8,31.04195,-103.53574,31,3,30,-41,-165,3,0,0,5,-55,4.085,8127.8,True,True,False,884.9133
253,Jun 11 2025 18:33:06.000 UTC,1749684786.0,11009.0,31.04186,-103.53577,32,3,35,-53,-158,3,0,0,1,-56,4.084,8071.0,True,True,False,919.6625
254,Jun 11 2025 18:33:07.000 UTC,1749684787.0,10955.9,31.04177,-103.5358,31,3,34,-44,-164,3,0,0,3,-56,4.084,8017.9,True,True,False,951.709
255,Jun 11 2025 18:33:08.000 UTC,1749684788.0,10901.6,31.04169,-103.53584,31,3,25,-52,-158,3,0,0,3,-56,4.084,7963.6,True,True,False,984.4349
256,Jun 11 2025 18:33:09.000 UTC,1749684789.0,10848.4,31.04161,-103.53586,31,3,25,-50,-154,3,0,0,4,-52,4.084,7910.4,True,True,False,1013.2043
257,Jun 11 2025 18:33:10.000 UTC,1749684790.0,10798.4,31.04153,-103.53589,31,3,26,-46,-152,3,0,0,5,-50,4.084,7860.4,True,True,False,1043.2316
258,Jun 11 2025 18:33:11.000 UTC,1749684791.0,10750.3,31.04146,-103.53591,31,3,30,-44,-170,3,0,0,8,-58,4.07,7812.3,True,True,False,1069.9754
259,Jun 11 2025 18:33:12.000 UTC,1749684792.0,10700.9,31.04138,-103.53593,31,3,24,-45,-155,3,0,0,7,-55,4.07,7762.9,True,True,False,1100.7712
260,Jun 11 2025 18:33:13.000 UTC,1749684793.0,10654.0,31.04131,-103.53596,32,3,25,-46,-158,3,0,0,5,-53,4.084,7716.0,True,True,False,1127.5151
261,Jun 11 2025 18:33:14.000 UTC,1749684794.0,10603.9,31.04125,-103.53598,31,3,15,-45,-170,3,0,0,6,-53,4.084,7665.9,True,True,False,1148.8587
262,Jun 11 2025 18:33:15.000 UTC,1749684795.0,10556.2,31.04119,-103.53599,32,3,23,-39,-165,3,0,0,4,-58,4.084,7618.2,True,True,False,1170.3771
263,Jun 11 2025 18:33:16.000 UTC,1749684796.0,10513.0,31.04114,-103.53599,32,3,22,-43,-175,3,0,0,0,-59,4.084,7575.0,True,True,False,1189.2984
264,Jun 11 2025 18:33:17.000 UTC,1749684797.0,10467.7,31.04108,-103.536,32,3,20,-41,-153,3,0,0,1,-56,4.084,7529.7,True,True,False,1212.0838
265,Jun 11 2025 18:33:18.000 UTC,1749684798.0,10420.4,31.04103,-103.536,32,3,18,-52,172,3,0,0,0,-55,4.084,7482.4,True,True,False,1228.3191
266,Jun 11 2025 18:33:19.000 UTC,1749684799.0,10373.7,31.04098,-103.53601,32,3,19,-42,-172,3,0,0,0,-62,4.084,7435.7,True,True,False,1249.1902
267,Jun 11 2025 18:33:20.000 UTC,1749684800.0,10331.2,31.04093,-103.53604,32,3,17,-38,-140,3,0,0,2,-59,4.083,7393.2,True,True,False,1269.7256
268,Jun 11 2025 18:33:21.000 UTC,1749684801.0,10288.7,31.0409,-103.53608,32,3,22,-33,-134,3,0,0,1,-60,4.083,7350.7,True,True,False,1283.4304
269,Jun 11 2025 18:33:22.000 UTC,1749684802.0,10243.9,31.04086,-103.5361,32,3,10,-45,-162,3,0,0,2,-64,4.084,7305.9,True,True,False,1299.3742
270,Jun 11 2025 18:33:23.000 UTC,1749684803.0,10195.0,31.04084,-103.5361,32,3,1,-46,-88,3,0,0,3,-52,4.084,7257.0,True,True,False,1303.4236
271,Jun 11 2025 18:33:24.000 UTC,1749684804.0,10154.1,31.04083,-103.53612,32,3,9,-37,-147,3,0,0,2,-60,4.085,7216.1,True,True,False,1310.0081
272,Jun 11 2025 18:33:25.000 UTC,1749684805.0,10110.4,31.0408,-103.53615,32,3,19,-47,-134,3,0,0,3,-58,4.085,7172.4,True,True,False,1323.2009
273,Jun 11 2025 18:33:26.000 UTC,1749684806.0,10064.4,31.04075,-103.5362,32,3,25,-41,-125,3,0,0,3,-55,4.083,7126.4,True,True,False,1343.6736
274,Jun 11 2025 18:33:27.000 UTC,1749684807.0,10017.6,31.04073,-103.53625,32,3,13,-42,-110,3,0,0,2,-60,4.083,7079.6,True,True,False,1357.5451
275,Jun 11 2025 18:33:28.000 UTC,1749684808.0,9969.3,31.04069,-103.53628,31,3,18,-45,-145,3,0,0,1,-61,4.083,7031.3,True,True,False,1371.5659
276,Jun 11 2025 18:33:29.000 UTC,1749684809.0,9922.7,31.04066,-103.53632,31,3,7,-46,-112,3,0,0,2,-61,4.084,6984.7,True,True,False,1384.2531
277,Jun 11 2025 18:33:30.000 UTC,1749684810.0,9876.8,31.04065,-103.53632,32,3,10,-43,164,3,0,0,2,-56,4.084,6938.8,True,True,False,1389.6041
278,Jun 11 2025 18:33:31.000 UTC,1749684811.0,9828.1,31.04062,-103.53633,32,3,7,-46,-169,3,0,0,2,-56,4.083,6890.1,True,True,False,1401.6398
279,Jun 11 2025 18:33:32.000 UTC,1749684812.0,9781.1,31.04058,-103.53632,32,3,15,-45,-177,3,0,0,0,-59,4.083,6843.1,True,True,False,1413.6941
280,Jun 11 2025 18:33:33.000 UTC,1749684813.0,9739.6,31.04054,-103.53631,32,3,15,-37,147,3,0,0,1,-54,4.068,6801.6,True,True,False,1425.7735
281,Jun 11 2025 18:33:34.000 UTC,1749684814.0,9692.2,31.04049,-103.53627,32,3,21,-40,137,3,0,0,2,-56,4.068,6754.2,True,True,False,1440.7342
282,Jun 11 2025 18:33:35.000 UTC,1749684815.0,9645.5,31.04046,-103.53625,32,3,17,-47,172,3,0,0,2,-56,4.085,6707.5,True,True,False,1450.34
283,Jun 11 2025 18:33:36.000 UTC,1749684816.0,9598.9,31.04041,-103.53623,32,3,11,-45,142,3,0,0,0,-57,4.085,6660.9,True,True,False,1466.0038
284,Jun 11 2025 18:33:37.000 UTC,1749684817.0,9549.6,31.04037,-103.53622,32,3,22,-48,172,3,0,0,3,-57,4.083,6611.6,True,True,False,1480.9496
285,Jun 11 2025 18:33:38.000 UTC,1749684818.0,9501.0,31.04031,-103.53619,32,3,19,-46,139,3,0,0,2,-62,4.083,6563.0,True,True,False,1499.6406
286,Jun 11 2025 18:33:39.000 UTC,1749684819.0,9451.7,31.04027,-103.53617,32,3,20,-47,166,3,0,0,1,-62,4.083,6513.7,True,True,False,1513.5795
287,Jun 11 2025 18:33:40.000 UTC,1749684820.0,9402.4,31.04019,-103.53616,32,3,29,-43,-174,3,0,0,2,-59,4.083,6464.4,True,True,False,1538.8391
288,Jun 11 2025 18:33:42.000 UTC,1749684822.0,9309.0,31.04008,-103.53616,32,3,23,-45,176,3,0,0,0,-57,4.084,6371.0,True,True,False,1579.6213
289,Jun 11 2025 18:33:43.000 UTC,1749684823.0,9264.8,31.04003,-103.53617,32,3,13,-43,174,3,0,0,3,-54,4.084,6326.8,True,True,False,1597.8217
290,Jun 11 2025 18:33:44.000 UTC,1749684824.0,9216.7,31.04,-103.53615,32,3,5,-39,167,3,0,0,2,-59,4.082,6278.7,True,True,False,1605.1495
291,Jun 11 2025 18:33:45.000 UTC,1749684825.0,9175.4,31.03998,-103.53614,32,3,9,-45,164,3,0,0,1,-53,4.082,6237.4,True,True,False,1614.1904
292,Jun 11 2025 18:33:46.000 UTC,1749684826.0,9129.3,31.03995,-103.53615,32,3,17,-45,-162,3,0,0,0,-53,4.084,6191.3,True,True,False,1624.2259
293,Jun 11 2025 18:33:47.000 UTC,1749684827.0,9085.9,31.03991,-103.53615,32,3,11,-46,168,3,0,0,1,-60,4.084,6147.9,True,True,False,1639.2216
294,Jun 11 2025 18:33:48.000 UTC,1749684828.0,9041.5,31.03988,-103.53616,32,3,16,-40,176,3,0,0,1,-52,4.083,6103.5,True,True,False,1649.9383
295,Jun 11 2025 18:33:49.000 UTC,1749684829.0,8995.7,31.03985,-103.53615,32,3,9,-50,-162,3,0,0,0,-53,4.083,6057.7,True,True,False,1659.68
296,Jun 11 2025 18:33:50.000 UTC,1749684830.0,8946.4,31.03984,-103.53617,32,3,5,-49,-131,3,0,0,0,-52,4.083,6008.4,True,True,False,1666.6001
297,Jun 11 2025 18:33:51.000 UTC,1749684831.0,8900.4,31.0398,-103.53618,32,3,15,-47,-157,3,0,0,1,-53,4.082,5962.4,True,True,False,1678.6802
298,Jun 11 2025 18:33:52.000 UTC,1749684832.0,8857.1,31.03977,-103.53619,32,3,15,-42,178,3,0,0,0,-54,4.082,5919.1,True,True,False,1690.7603
299,Jun 11 2025 18:33:53.000 UTC,1749684833.0,8810.8,31.03973,-103.5362,32,3,15,-42,-144,3,0,0,1,-57,4.083,5872.8,True,True,False,1708.1046
300,Jun 11 2025 18:33:54.000 UTC,1749684834.0,8763.0,31.0397,-103.53622,32,3,13,-47,-160,3,0,0,0,-51,4.083,5825.0,True,True,False,1718.6359
301,Jun 11 2025 18:33:55.000 UTC,1749684835.0,8717.2,31.03968,-103.53622,32,3,4,-42,158,3,0,0,1,-52,4.068,5779.2,True,True,False,1725.9467
302,Jun 11 2025 18:33:56.000 UTC,1749684836.0,8670.3,31.03968,-103.53622,32,3,1,-47,-18,3,0,0,1,-61,4.068,5732.3,True,True,False,1724.7682
303,Jun 11 2025 18:33:57.000 UTC,1749684837.0,8623.5,31.03966,-103.53622,32,3,14,-47,176,3,0,0,3,-51,4.083,5685.5,True,True,False,1733.4411
304,Jun 11 2025 18:33:58.000 UTC,1749684838.0,8575.3,31.03963,-103.53622,32,3,3,-44,160,3,0,0,0,-51,4.083,5637.3,True,True,False,1741.8077
305,Jun 11 2025 18:33:59.000 UTC,1749684839.0,8528.5,31.03961,-103.53622,32,3,11,-45,162,3,0,0,1,-50,4.083,5590.5,True,True,False,1752.0349
306,Jun 11 2025 18:34:00.000 UTC,1749684840.0,8481.3,31.03959,-103.53621,32,3,6,-48,-158,3,0,0,3,-62,4.083,5543.3,True,True,False,1756.3234
307,Jun 11 2025 18:34:01.000 UTC,1749684841.0,8427.0,31.03956,-103.53622,32,3,11,-53,167,3,0,0,3,-50,4.083,5489.0,True,True,False,1767.7216
308,Jun 11 2025 18:34:02.000 UTC,1749684842.0,8373.7,31.03954,-103.53619,32,3,4,-46,158,3,0,0,2,-53,4.082,5435.7,True,True,False,1773.1123
309,Jun 11 2025 18:34:03.000 UTC,1749684843.0,8331.6,31.03951,-103.5362,32,3,6,-44,179,3,0,0,3,-52,4.082,5393.6,True,True,False,1784.5101
310,Jun 11 2025 18:34:04.000 UTC,1749684844.0,8289.5,31.0395,-103.53622,31,3,14,-41,-137,3,0,0,0,-52,4.083,5351.5,True,True,False,1789.5566
311,Jun 11 2025 18:34:05.000 UTC,1749684845.0,8245.2,31.03949,-103.53623,32,3,4,-48,-87,3,0,0,1,-52,4.083,5307.2,True,True,False,1794.6113
312,Jun 11 2025 18:34:06.000 UTC,1749684846.0,8198.4,31.03948,-103.53627,32,3,11,-44,-131,3,0,0,0,-48,4.083,5260.4,True,True,False,1799.1069
313,Jun 11 2025 18:34:07.000 UTC,1749684847.0,8156.3,31.03947,-103.5363,32,3,14,-44,-107,3,0,0,1,-48,4.083,5218.3,True,True,False,1804.5237
314,Jun 11 2025 18:34:08.000 UTC,1749684848.0,8113.2,31.03945,-103.53633,32,3,8,-44,-129,3,0,0,0,-49,4.083,5175.2,True,True,False,1815.4209
315,Jun 11 2025 18:34:09.000 UTC,1749684849.0,8066.7,31.03944,-103.53638,32,3,20,-50,-111,3,0,0,0,-54,4.083,5128.7,True,True,False,1822.656
316,Jun 11 2025 18:34:10.000 UTC,1749684850.0,8020.7,31.03941,-103.53643,32,3,14,-44,-133,3,0,0,0,-61,4.083,5082.7,True,True,False,1837.9912
317,Jun 11 2025 18:34:11.000 UTC,1749684851.0,7975.9,31.03939,-103.53648,32,3,19,-45,-94,3,0,0,1,-61,4.068,5037.9,True,True,False,1846.0916
318,Jun 11 2025 18:34:12.000 UTC,1749684852.0,7933.3,31.03938,-103.53653,32,3,12,-42,-105,3,0,0,0,-52,4.068,4995.3,True,True,False,1856.2161
319,Jun 11 2025 18:34:13.000 UTC,1749684853.0,7888.5,31.03935,-103.53658,32,3,22,-53,-121,3,0,0,0,-50,4.083,4950.5,True,True,False,1867.8042
320,Jun 11 2025 18:34:14.000 UTC,1749684854.0,7842.9,31.03932,-103.53666,32,3,23,-47,-109,3,0,0,0,-49,4.083,4904.9,True,True,False,1886.0822
321,Jun 11 2025 18:34:15.000 UTC,1749684855.0,7795.9,31.0393,-103.5367,32,3,14,-44,-144,3,0,0,0,-56,4.083,4857.9,True,True,False,1895.97
322,Jun 11 2025 18:34:16.000 UTC,1749684856.0,7752.3,31.03927,-103.53674,32,3,23,-43,-113,3,0,0,0,-50,4.083,4814.3,True,True,False,1911.9199
323,Jun 11 2025 18:34:17.000 UTC,1749684857.0,7710.9,31.03923,-103.53681,32,3,22,-40,-136,3,0,0,0,-52,4.083,4772.9,True,True,False,1930.602
324,Jun 11 2025 18:34:18.000 UTC,1749684858.0,7666.7,31.0392,-103.53687,32,3,20,-48,-110,3,0,0,0,-53,4.083,4728.7,True,True,False,1945.383
325,Jun 11 2025 18:34:19.000 UTC,1749684859.0,7623.7,31.03917,-103.53692,32,3,13,-39,-136,3,0,0,0,-54,4.083,4685.7,True,True,False,1962.2479
326,Jun 11 2025 18:34:20.000 UTC,1749684860.0,7580.2,31.03914,-103.53696,32,3,20,-45,-129,3,0,0,0,-52,4.083,4642.2,True,True,False,1975.1507
327,Jun 11 2025 18:34:21.000 UTC,1749684861.0,7534.7,31.03911,-103.53699,32,3,10,-45,-132,3,0,0,0,-47,4.083,4596.7,True,True,False,1989.3188
328,Jun 11 2025 18:34:24.000 UTC,1749684864.0,7403.5,31.03907,-103.53707,32,3,10,-49,-49,3,0,0,0,-51,4.082,4465.5,True,True,False,2010.5663
329,Jun 11 2025 18:34:25.000 UTC,1749684865.0,7358.3,31.03909,-103.53709,32,3,4,-42,-31,3,0,0,0,-71,4.082,4420.3,True,True,False,2004.1199
330,Jun 11 2025 18:34:26.000 UTC,1749684866.0,7312.7,31.03909,-103.5371,32,3,9,-45,-100,3,0,0,0,-57,4.082,4374.7,True,True,False,2008.2699
331,Jun 11 2025 18:34:27.000 UTC,1749684867.0,7268.7,31.03909,-103.53712,32,3,4,-45,149,3,0,0,0,-57,4.082,4330.7,True,True,False,2009.1245
332,Jun 11 2025 18:34:28.000 UTC,1749684868.0,7219.4,31.03906,-103.53713,32,3,11,-48,-133,3,0,0,0,-53,4.082,4281.4,True,True,False,2018.5701
333,Jun 11 2025 18:34:29.000 UTC,1749684869.0,7173.2,31.03906,-103.53715,32,3,2,-48,-169,3,0,0,0,-64,4.083,4235.2,True,True,False,2020.7596
334,Jun 11 2025 18:34:30.000 UTC,1749684870.0,7127.3,31.03904,-103.53717,32,3,16,-43,-147,3,0,0,0,-60,4.083,4189.3,True,True,False,2030.322
335,Jun 11 2025 18:34:31.000 UTC,1749684871.0,7083.0,31.039,-103.53718,32,3,11,-44,167,3,0,0,0,-63,4.069,4145.0,True,True,False,2046.2573
336,Jun 11 2025 18:34:33.000 UTC,1749684873.0,6979.0,31.039,-103.53714,32,3,8,-46,28,3,0,0,0,-53,4.083,4041.0,True,True,False,2042.4447
337,Jun 11 2025 18:34:34.000 UTC,1749684874.0,6935.7,31.039,-103.53713,32,3,4,-45,116,3,0,0,0,-50,4.083,3997.7,True,True,False,2040.3678
338,Jun 11 2025 18:34:35.000 UTC,1749684875.0,6893.0,31.03901,-103.53712,32,3,5,-45,-52,3,0,0,0,-50,4.083,3955.0,True,True,False,2038.2925
339,Jun 11 2025 18:34:36.000 UTC,1749684876.0,6848.4,31.039,-103.53713,32,3,1,-46,-137,3,0,0,0,-51,4.083,3910.4,True,True,False,2040.3678
340,Jun 11 2025 18:34:37.000 UTC,1749684877.0,6803.2,31.039,-103.53715,32,3,9,-48,-122,3,0,0,0,-55,4.083,3865.2,True,True,False,2041.8812
341,Jun 11 2025 18:34:38.000 UTC,1749684878.0,6758.3,31.03898,-103.53716,32,3,9,-42,-156,3,0,0,0,-62,4.082,3820.3,True,True,False,2049.2449
342,Jun 11 2025 18:34:39.000 UTC,1749684879.0,6714.0,31.03896,-103.53715,32,3,6,-50,134,3,0,0,0,-51,4.082,3776.0,True,True,False,2057.0778
343,Jun 11 2025 18:34:40.000 UTC,1749684880.0,6667.3,31.03894,-103.53715,32,3,9,-47,172,3,0,0,0,-49,4.083,3729.3,True,True,False,2062.3664
344,Jun 11 2025 18:34:41.000 UTC,1749684881.0,6621.1,31.03893,-103.53713,32,3,7,-51,72,3,0,0,0,-47,4.083,3683.1,True,True,False,2063.5148
345,Jun 11 2025 18:34:42.000 UTC,1749684882.0,6576.3,31.03895,-103.5371,32,3,9,-43,33,3,0,0,0,-47,4.083,3638.3,True,True,False,2055.9133
346,Jun 11 2025 18:34:43.000 UTC,1749684883.0,6535.9,31.03895,-103.53709,32,3,0,-41,150,3,0,0,0,-49,4.083,3597.9,True,True,False,2055.1771
347,Jun 11 2025 18:34:44.000 UTC,1749684884.0,6492.2,31.03893,-103.5371,32,3,10,-49,173,3,0,0,1,-48,4.07,3554.2,True,True,False,2061.8771
348,Jun 11 2025 18:34:45.000 UTC,1749684885.0,6444.6,31.03892,-103.53708,32,3,8,-52,75,3,0,0,0,-48,4.07,3506.6,True,True,False,2064.9908
349,Jun 11 2025 18:34:46.000 UTC,1749684886.0,6397.5,31.03891,-103.53708,32,3,8,-45,-179,3,0,0,0,-47,4.083,3459.5,True,True,False,2065.6544
350,Jun 11 2025 18:34:47.000 UTC,1749684887.0,6352.0,31.0389,-103.53706,32,3,9,-48,103,3,0,0,1,-46,4.083,3414.0,True,True,False,2067.4751
351,Jun 11 2025 18:34:48.000 UTC,1749684888.0,6305.2,31.03891,-103.53704,32,3,3,-43,-154,3,0,0,0,-53,4.082,3367.2,True,True,False,2063.3871
352,Jun 11 2025 18:34:49.000 UTC,1749684889.0,6259.8,31.0389,-103.53704,32,3,8,-44,-149,3,0,0,0,-52,4.082,3321.8,True,True,False,2067.3765
353,Jun 11 2025 18:34:50.000 UTC,1749684890.0,6213.4,31.03888,-103.53705,32,3,4,-51,-158,3,0,0,0,-48,4.082,3275.4,True,True,False,2075.4025
354,Jun 11 2025 18:34:51.000 UTC,1749684891.0,6167.3,31.03887,-103.53706,32,3,11,-43,-162,3,0,0,0,-49,4.083,3229.3,True,True,False,2080.8176
355,Jun 11 2025 18:34:52.000 UTC,1749684892.0,6120.7,31.03885,-103.53708,32,3,13,-51,-152,3,0,0,3,-60,4.083,3182.7,True,True,False,2088.8953
356,Jun 11 2025 18:34:53.000 UTC,1749684893.0,6075.8,31.03881,-103.53709,32,3,14,-45,169,3,0,0,5,-49,4.068,3137.8,True,True,False,2104.2309
357,Jun 11 2025 18:34:55.000 UTC,1749684895.0,5982.7,31.03875,-103.53708,32,3,9,-47,-151,3,0,0,2,-48,4.082,3044.7,True,True,False,2122.8063
358,Jun 11 2025 18:34:56.000 UTC,1749684896.0,5932.3,31.03871,-103.53709,32,3,20,-53,-168,3,0,0,1,-49,4.082,2994.3,True,True,False,2138.1928
359,Jun 11 2025 18:34:57.000 UTC,1749684897.0,5883.0,31.03866,-103.53709,32,3,11,-49,-169,3,0,0,0,-47,4.083,2945.0,True,True,False,2154.1347
360,Jun 11 2025 18:34:58.000 UTC,1749684898.0,5836.2,31.03863,-103.53709,32,3,7,-52,-176,3,0,0,0,-49,4.083,2898.2,True,True,False,2166.128
361,Jun 11 2025 18:34:59.000 UTC,1749684899.0,5788.9,31.03861,-103.5371,32,3,12,-50,-117,3,0,0,2,-49,4.083,2850.9,True,True,False,2172.1849
362,Jun 11 2025 18:35:00.000 UTC,1749684900.0,5740.2,31.03859,-103.53712,32,3,4,-50,-144,3,0,0,0,-44,4.083,2802.2,True,True,False,2181.6116
363,Jun 11 2025 18:35:01.000 UTC,1749684901.0,5690.4,31.03857,-103.53715,32,3,16,-55,-135,3,0,0,1,-46,4.083,2752.4,True,True,False,2191.7133
364,Jun 11 2025 18:35:02.000 UTC,1749684902.0,5641.6,31.03854,-103.53719,32,3,15,-53,-107,3,0,0,1,-47,4.082,2703.6,True,True,False,2206.6271
365,Jun 11 2025 18:35:03.000 UTC,1749684903.0,5589.4,31.03851,-103.53721,32,3,15,-52,176,3,0,0,2,-46,4.082,2651.4,True,True,False,2218.0289
366,Jun 11 2025 18:35:04.000 UTC,1749684904.0,5539.8,31.03848,-103.5372,32,3,11,-48,-162,3,0,0,1,-52,4.084,2601.8,True,True,False,2226.6146
367,Jun 11 2025 18:35:05.000 UTC,1749684905.0,5488.7,31.03845,-103.53719,32,3,12,-55,143,3,0,0,2,-51,4.084,2550.7,True,True,False,2238.5386
368,Jun 11 2025 18:35:06.000 UTC,1749684906.0,5435.4,31.03843,-103.53719,32,3,11,-53,-156,3,0,0,2,-52,4.069,2497.4,True,True,False,2243.8222
369,Jun 11 2025 18:35:07.000 UTC,1749684907.0,5380.8,31.03839,-103.53719,32,3,14,-57,147,3,0,0,2,-52,4.069,2442.8,True,True,False,2256.4732
370,Jun 11 2025 18:35:08.000 UTC,1749684908.0,5330.0,31.03835,-103.53716,32,3,21,-48,157,3,0,0,2,-52,4.083,2392.0,True,True,False,2269.7024
371,Jun 11 2025 18:35:09.000 UTC,1749684909.0,5278.7,31.03831,-103.53712,32,3,7,-52,170,3,0,0,1,-48,4.083,2340.7,True,True,False,2279.675
372,Jun 11 2025 18:35:10.000 UTC,1749684910.0,5225.9,31.03827,-103.53712,32,3,16,-55,158,3,0,0,2,-45,4.083,2287.9,True,True,False,2292.3788
373,Jun 11 2025 18:35:11.000 UTC,1749684911.0,5176.0,31.03825,-103.5371,32,3,12,-51,-167,3,0,0,0,-45,4.083,2238.0,True,True,False,2299.0836
374,Jun 11 2025 18:35:12.000 UTC,1749684912.0,5122.8,31.03821,-103.5371,32,3,20,-54,173,3,0,0,1,-46,4.083,2184.8,True,True,False,2315.1564
375,Jun 11 2025 18:35:13.000 UTC,1749684913.0,5068.7,31.03817,-103.53709,32,3,6,-54,142,3,0,0,2,-47,4.082,2130.7,True,True,False,2327.9303
376,Jun 11 2025 18:35:14.000 UTC,1749684914.0,5015.9,31.03814,-103.53709,32,3,9,-53,153,3,0,0,1,-60,4.082,2077.9,True,True,False,2337.3201
377,Jun 11 2025 18:35:15.000 UTC,1749684915.0,4966.0,31.03812,-103.53709,32,3,7,-52,173,3,0,0,1,-48,4.068,2028.0,True,True,False,2344.6998
378,Jun 11 2025 18:35:16.000 UTC,1749684916.0,4915.2,31.03811,-103.53709,32,3,4,-55,-57,3,0,0,2,-45,4.068,1977.2,True,True,False,2346.0418
379,Jun 11 2025 18:35:17.000 UTC,1749684917.0,4864.9,31.03811,-103.53712,32,3,9,-45,-148,3,0,0,0,-45,4.082,1926.9,True,True,False,2351.3065
380,Jun 11 2025 18:35:18.000 UTC,1749684918.0,4816.5,31.0381,-103.53715,32,3,14,-49,-126,3,0,0,1,-62,4.082,1878.5,True,True,False,2356.6015
381,Jun 11 2025 18:35:19.000 UTC,1749684919.0,4766.4,31.03806,-103.53719,32,3,23,-53,-130,3,0,0,2,-48,4.082,1828.4,True,True,False,2373.2959
382,Jun 11 2025 18:35:20.000 UTC,1749684920.0,4716.7,31.03802,-103.53725,32,3,29,-48,-118,3,0,0,1,-47,4.082,1778.7,True,True,False,2395.3927
383,Jun 11 2025 18:35:21.000 UTC,1749684921.0,4665.4,31.038,-103.53732,32,3,16,-53,-91,3,0,0,3,-51,4.082,1727.4,True,True,False,2406.9342
384,Jun 11 2025 18:35:22.000 UTC,1749684922.0,4614.4,31.03799,-103.53735,32,3,6,-52,173,3,0,0,3,-48,4.082,1676.4,True,True,False,2413.7381
385,Jun 11 2025 18:35:23.000 UTC,1749684923.0,4566.3,31.03799,-103.53735,32,3,5,-43,-117,3,0,0,2,-48,4.082,1628.3,True,True,False,2412.3675
386,Jun 11 2025 18:35:24.000 UTC,1749684924.0,4517.2,31.03799,-103.53735,32,3,6,-53,-47,3,0,0,2,-43,4.083,1579.2,True,True,False,2412.4073
387,Jun 11 2025 18:35:25.000 UTC,1749684925.0,4466.3,31.03802,-103.53738,32,3,16,-51,-17,3,0,0,3,-48,4.083,1528.3,True,True,False,2404.5659
388,Jun 11 2025 18:35:26.000 UTC,1749684926.0,4414.2,31.03805,-103.53738,32,3,3,-55,-13,3,0,0,0,-47,4.083,1476.2,True,True,False,2395.2639
389,Jun 11 2025 18:35:27.000 UTC,1749684927.0,4360.2,31.03803,-103.53739,32,3,17,-53,-146,3,0,0,0,-47,4.083,1422.2,True,True,False,2403.3454
390,Jun 11 2025 18:35:28.000 UTC,1749684928.0,4308.0,31.038,-103.53741,32,3,10,-52,-99,3,0,0,1,-48,4.082,1370.0,True,True,False,2413.4211
391,Jun 11 2025 18:35:29.000 UTC,1749684929.0,4255.6,31.03798,-103.53745,32,3,15,-55,-142,3,0,0,0,-51,4.082,1317.6,True,True,False,2425.0178
392,Jun 11 2025 18:35:30.000 UTC,1749684930.0,4202.9,31.03794,-103.53745,32,3,9,-52,167,3,0,0,2,-57,4.082,1264.9,True,True,False,2439.676
393,Jun 11 2025 18:35:31.000 UTC,1749684931.0,4150.3,31.03792,-103.53747,32,3,10,-53,-156,3,0,0,3,-48,4.082,1212.3,True,True,False,2447.7684
394,Jun 11 2025 18:35:32.000 UTC,1749684932.0,4098.2,31.0379,-103.53746,32,3,6,-54,61,3,0,0,3,-45,4.082,1160.2,True,True,False,2453.0091
395,Jun 11 2025 18:35:33.000 UTC,1749684933.0,4045.0,31.0379,-103.53746,32,3,6,-54,-146,3,0,0,1,-51,4.082,1107.0,True,True,False,2453.0091
396,Jun 11 2025 18:35:34.000 UTC,1749684934.0,3991.6,31.03789,-103.53746,32,3,5,-53,-45,3,0,0,0,-45,4.082,1053.6,True,True,False,2456.9904
397,Jun 11 2025 18:35:35.000 UTC,1749684935.0,3936.1,31.03788,-103.53748,32,3,6,-58,-151,3,0,0,5,-55,4.082,998.1,True,True,False,2462.4935
398,Jun 11 2025 18:35:37.000 UTC,1749684937.0,3833.2,31.03784,-103.53749,32,3,10,-54,-67,3,0,0,1,-41,4.069,895.2,True,True,False,2477.1513
399,Jun 11 2025 18:35:41.000 UTC,1749684941.0,3638.3,31.03788,-103.53763,32,3,13,-53,-50,3,0,0,3,-47,4.083,700.3,True,True,False,2477.4262
400,Jun 11 2025 18:35:42.000 UTC,1749684942.0,3588.1,31.0379,-103.53768,32,3,22,-52,-59,3,0,0,6,-47,4.083,650.1,True,True,False,2474.9787
401,Jun 11 2025 18:35:43.000 UTC,1749684943.0,3537.3,31.03794,-103.53774,32,3,25,-49,-41,3,0,0,5,-45,4.083,599.3,True,True,False,2468.231
402,Jun 11 2025 18:35:44.000 UTC,1749684944.0,3490.1,31.03797,-103.53777,32,3,12,-50,-71,3,0,0,2,-44,4.082,552.1,True,True,False,2462.3179
403,Jun 11 2025 18:35:45.000 UTC,1749684945.0,3442.7,31.03799,-103.53781,32,3,4,-48,-39,3,0,0,1,-38,4.082,504.7,True,True,False,2459.2568
404,Jun 11 2025 18:35:46.000 UTC,1749684946.0,3393.6,31.03799,-103.53783,32,3,15,-50,-104,3,0,0,1,-41,4.07,455.6,True,True,False,2463.0667
405,Jun 11 2025 18:35:47.000 UTC,1749684947.0,3344.9,31.03798,-103.53788,32,3,8,-48,-97,3,0,0,2,-47,4.07,406.9,True,True,False,2468.7802
406,Jun 11 2025 18:35:48.000 UTC,1749684948.0,3298.6,31.03797,-103.53793,32,3,17,-47,-105,3,0,0,1,-33,4.083,360.6,True,True,False,2479.1121
407,Jun 11 2025 18:35:49.000 UTC,1749684949.0,3252.9,31.03797,-103.53796,32,3,5,-49,-55,3,0,0,2,-42,4.083,314.9,True,True,False,2482.139
408,Jun 11 2025 18:35:50.000 UTC,1749684950.0,3207.9,31.03799,-103.53797,32,3,7,-42,-93,3,0,0,0,-39,4.082,269.9,True,True,False,2477.1753
409,Jun 11 2025 18:35:51.000 UTC,1749684951.0,3162.6,31.038,-103.53797,32,3,12,-48,7,3,0,0,4,-39,4.082,224.6,True,True,False,2472.6384
410,Jun 11 2025 18:35:52.000 UTC,1749684952.0,3118.5,31.03804,-103.53799,32,3,16,-48,-37,3,0,0,4,-44,4.082,180.5,True,True,False,2460.8013
411,Jun 11 2025 18:35:53.000 UTC,1749684953.0,3071.1,31.03806,-103.538,32,3,12,-49,3,3,0,0,5,-30,4.082,133.1,True,True,False,2455.4646
412,Jun 11 2025 18:35:54.000 UTC,1749684954.0,3022.7,31.0381,-103.53804,32,3,22,-49,-57,3,0,0,3,-37,4.082,84.7,True,True,False,2448.9843
413,Jun 11 2025 18:35:55.000 UTC,1749684955.0,2977.8,31.03812,-103.5381,32,3,19,-44,-96,3,0,0,4,-41,4.083,39.8,True,True,False,2449.2232
414,Jun 11 2025 18:35:56.000 UTC,1749684956.0,2938.8,31.03813,-103.53812,32,3,1,-8,-22,3,0,0,0,-59,4.083,0.8,True,True,False,2448.796
415,Jun 11 2025 18:35:57.000 UTC,1749684957.0,2938.6,31.03812,-103.53813,32,3,1,0,-111,3,0,0,2,-53,4.083,0.6,True,True,True,2451.0105
416,Jun 11 2025 18:35:58.000 UTC,1749684958.0,2938.4,31.03812,-103.53813,32,3,1,0,-40,3,0,0,2,-54,4.083,0.4,True,True,True,2451.6518
417,Jun 11 2025 18:35:59.000 UTC,1749684959.0,2940.2,31.03812,-103.53813,32,3,2,0,-103,3,0,0,2,-55,4.07,2.2,True,True,True,2452.2931
418,Jun 11 2025 18:36:00.000 UTC,1749684960.0,2941.3,31.03812,-103.53814,32,3,1,0,-51,3,0,0,2,-54,4.07,3.3,True,True,True,2453.2261
419,Jun 11 2025 18:36:03.000 UTC,1749684963.0,2941.2,31.03812,-103.53813,32,3,0,-1,117,3,0,0,2,-52,4.082,3.2,True,True,True,2452.9345
420,Jun 11 2025 18:36:04.000 UTC,1749684964.0,2941.8,31.03812,-103.53813,32,3,0,0,-23,3,0,0,2,-52,4.082,3.8,True,True,True,2452.9345
421,Jun 11 2025 18:36:05.000 UTC,1749684965.0,2940.3,31.03812,-103.53814,32,3,0,-2,92,3,0,0,2,-52,4.084,2.3,True,True,True,2453.8672
422,Jun 11 2025 18:36:06.000 UTC,1749684966.0,2938.3,31.03812,-103.53813,32,3,0,-2,-108,3,0,0,2,-54,4.084,0.3,True,True,True,2452.9345
423,Jun 11 2025 18:36:07.000 UTC,1749684967.0,2937.8,31.03812,-103.53814,31,3,1,0,-7,3,0,0,2,-48,4.084,-0.2,True,True,True,2453.2261
424,Jun 11 2025 18:36:08.000 UTC,1749684968.0,2936.7,31.03812,-103.53813,30,3,0,-3,-172,3,0,0,2,-51,4.082,-1.3,True,True,True,2451.6518
425,Jun 11 2025 18:36:09.000 UTC,1749684969.0,2935.6,31.03812,-103.53813,30,3,0,-3,-121,3,0,0,2,-59,4.082,-2.4,True,True,True,2451.0105
426,Jun 11 2025 18:36:10.000 UTC,1749684970.0,2935.8,31.03812,-103.53813,32,3,1,-2,110,3,0,0,3,-51,4.082,-2.2,True,True,True,2451.0105
427,Jun 11 2025 18:36:11.000 UTC,1749684971.0,2937.1,31.03812,-103.53813,32,3,0,0,-113,3,0,0,3,-50,4.082,-0.9,True,True,True,2451.0105
428,Jun 11 2025 18:36:12.000 UTC,1749684972.0,2937.7,31.03813,-103.53813,31,3,1,0,-82,3,0,0,2,-54,4.07,-0.3,True,True,True,2450.3692
429,Jun 11 2025 18:36:13.000 UTC,1749684973.0,2937.5,31.03813,-103.53812,32,3,2,-2,128,3,0,0,2,-55,4.07,-0.5,True,True,True,2449.4375
430,Jun 11 2025 18:36:14.000 UTC,1749684974.0,2936.7,31.03813,-103.53812,32,3,0,-1,-60,3,0,0,2,-52,4.082,-1.3,True,True,True,2449.4375
431,Jun 11 2025 18:36:15.000 UTC,1749684975.0,2939.9,31.03813,-103.53813,32,3,0,0,-148,3,0,0,2,-52,4.082,1.9,True,True,True,2449.728
432,Jun 11 2025 18:36:17.000 UTC,1749684977.0,2942.5,31.03813,-103.53812,32,3,0,0,33,3,0,0,2,-52,4.082,4.5,True,True,True,2448.1546
433,Jun 11 2025 18:36:18.000 UTC,1749684978.0,2943.0,31.03813,-103.53812,32,3,0,0,-116,3,0,0,2,-52,4.082,5.0,True,True,True,2448.1546
434,Jun 11 2025 18:36:18.000 UTC,1749684978.0,2943.0,31.03811,-103.53812,32,3,0,0,-116,3,0,0,2,-52,4.082,5.0,True,True,True,2456.4957
