UTCTIME,UNIXTIME,ALT,LAT,LON,#SATS,FIX,HORZV,VERTV,HEAD,FLAGS,>40,>32,>24,RSSI,BATT,Altitude AGL,Launch detection,Apogee detection,Landing detection,Distance (feet)
Jun 19 2026 00:24:53.499 UTC,1781846693.499,2933.9,31.04723,-103.52696,17,3,1,-1,77,3,1,0,1,-61,4.039,13.9,FALSE,FALSE,FALSE,28.5275
Jun 19 2026 00:24:53.599 UTC,1781846693.599,2933.5,31.04723,-103.52696,17,3,3,-3,155,3,1,0,0,-61,4.039,13.5,FALSE,FALSE,FALSE,28.5275
Jun 19 2026 00:24:53.699 UTC,1781846693.699,2933.0,31.04723,-103.52696,16,3,9,-1,141,3,1,0,0,-61,4.039,13.0,FALSE,FALSE,FALSE,28.3565
Jun 19 2026 00:24:53.799 UTC,1781846693.799,2932.8,31.04723,-103.52695,16,3,18,3,131,3,1,0,0,-61,4.039,12.8,TRUE,FALSE,FALSE,25.8733
Jun 19 2026 00:24:53.899 UTC,1781846693.899,2932.9,31.04723,-103.52695,18,3,29,6,126,3,1,0,0,-61,4.039,12.9,TRUE,FALSE,FALSE,23.3926
Jun 19 2026 00:24:54.000 UTC,1781846694.0,2933.0,31.04722,-103.52694,17,3,38,9,124,3,1,0,0,-61,4.039,13.0,TRUE,FALSE,FALSE,20.6484
Jun 19 2026 00:24:54.199 UTC,1781846694.199,2934.1,31.04721,-103.52692,16,3,49,11,122,3,1,0,0,-61,4.039,14.1,TRUE,FALSE,FALSE,13.2916
Jun 19 2026 00:24:54.299 UTC,1781846694.299,2933.9,31.04721,-103.52690,18,3,49,10,120,3,1,0,0,-61,4.039,13.9,TRUE,FALSE,FALSE,8.8085
Jun 19 2026 00:24:54.399 UTC,1781846694.399,2933.2,31.04720,-103.52689,17,3,46,7,122,3,1,0,0,-61,4.039,13.2,TRUE,FALSE,FALSE,7.1921
Jun 19 2026 00:24:54.499 UTC,1781846694.499,2932.3,31.04720,-103.52688,17,3,44,4,121,3,1,0,0,-61,4.039,12.3,TRUE,FALSE,FALSE,5.3918
Jun 19 2026 00:24:54.599 UTC,1781846694.599,2930.5,31.04720,-103.52687,18,3,50,3,114,3,1,0,0,-61,4.039,10.5,TRUE,FALSE,FALSE,6.0141
Jun 19 2026 00:24:54.699 UTC,1781846694.699,2928.2,31.04720,-103.52686,16,3,45,-3,116,3,1,0,0,-61,4.039,8.2,TRUE,FALSE,FALSE,8.8361
Jun 19 2026 00:24:54.799 UTC,1781846694.799,2924.6,31.04720,-103.52685,16,3,48,-10,107,3,1,0,0,-61,4.039,4.6,TRUE,FALSE,FALSE,10.5650
Jun 19 2026 00:24:54.899 UTC,1781846694.899,2919.9,31.04719,-103.52683,15,3,45,-22,100,3,1,0,0,-61,4.039,-0.1,TRUE,FALSE,FALSE,14.9282
Jun 19 2026 00:24:55.000 UTC,1781846695.0,2914.7,31.04720,-103.52682,14,3,45,-34,89,3,1,0,0,-61,4.039,-5.3,TRUE,FALSE,FALSE,16.2594
Jun 19 2026 00:24:55.099 UTC,1781846695.099,2908.6,31.04720,-103.52681,13,3,44,-44,82,3,1,0,0,-61,4.039,-11.4,TRUE,FALSE,FALSE,20.5327
Jun 19 2026 00:24:55.199 UTC,1781846695.199,2901.7,31.04721,-103.52680,13,3,42,-52,75,3,1,0,0,-56,4.039,-18.3,TRUE,FALSE,FALSE,22.6234
Jun 19 2026 00:24:55.299 UTC,1781846695.299,2894.4,31.04721,-103.52679,13,3,39,-59,69,3,1,0,0,-56,4.039,-25.6,TRUE,FALSE,FALSE,27.3352
Jun 19 2026 00:24:55.499 UTC,1781846695.499,2878.7,31.04723,-103.52677,13,3,37,-69,58,3,1,0,0,-56,4.039,-41.3,TRUE,FALSE,FALSE,32.6501
Jun 19 2026 00:24:55.599 UTC,1781846695.599,2871.4,31.04724,-103.52676,12,3,30,-69,53,3,1,0,0,-56,4.039,-48.6,TRUE,FALSE,FALSE,35.4129
Jun 19 2026 00:24:55.699 UTC,1781846695.699,2864.2,31.04724,-103.52676,12,3,27,-69,49,3,1,0,0,-56,4.039,-55.8,TRUE,FALSE,FALSE,38.2406
Jun 19 2026 00:24:55.799 UTC,1781846695.799,2856.9,31.04725,-103.52676,12,3,26,-69,47,3,1,0,0,-56,4.039,-63.1,TRUE,FALSE,FALSE,38.8460
Jun 19 2026 00:24:55.899 UTC,1781846695.899,2849.8,31.04725,-103.52675,11,3,25,-69,45,3,1,0,0,-56,4.039,-70.2,TRUE,FALSE,FALSE,41.7859
Jun 19 2026 00:24:56.000 UTC,1781846696.0,2841.8,31.04726,-103.52674,10,3,29,-71,37,3,1,0,0,-56,4.039,-78.2,TRUE,FALSE,FALSE,45.2877
Jun 19 2026 00:24:56.099 UTC,1781846696.099,2833.4,31.04727,-103.52674,10,3,30,-73,31,3,1,0,0,-56,4.039,-86.6,TRUE,FALSE,FALSE,46.7622
Jun 19 2026 00:24:56.199 UTC,1781846696.199,2825.0,31.04728,-103.52674,10,3,34,-74,20,3,1,0,0,-47,4.039,-95.0,TRUE,FALSE,FALSE,48.8042
Jun 19 2026 00:24:56.299 UTC,1781846696.299,2817.3,31.04729,-103.52673,10,3,27,-76,22,3,1,0,0,-47,4.038,-102.7,TRUE,FALSE,FALSE,51.9342
Jun 19 2026 00:24:56.399 UTC,1781846696.399,2809.3,31.04730,-103.52673,10,3,26,-77,20,3,1,0,0,-47,4.038,-110.7,TRUE,FALSE,FALSE,53.4619
Jun 19 2026 00:24:56.499 UTC,1781846696.499,2801.4,31.04730,-103.52673,10,3,26,-78,20,3,1,0,0,-47,4.038,-118.6,TRUE,FALSE,FALSE,57.0157
Jun 19 2026 00:24:56.599 UTC,1781846696.599,2793.3,31.04731,-103.52673,10,3,26,-78,17,3,1,0,0,-47,4.038,-126.7,TRUE,FALSE,FALSE,58.6772
Jun 19 2026 00:24:56.699 UTC,1781846696.699,2784.8,31.04732,-103.52673,11,3,28,-79,12,3,1,0,0,-47,4.038,-135.2,TRUE,FALSE,FALSE,60.8692
Jun 19 2026 00:24:56.799 UTC,1781846696.799,2776.9,31.04733,-103.52673,11,3,28,-78,16,3,1,0,0,-47,4.038,-143.1,TRUE,FALSE,FALSE,63.1775
Jun 19 2026 00:24:56.899 UTC,1781846696.899,2770.1,31.04734,-103.52672,10,3,24,-76,7,3,1,0,0,-47,4.038,-149.9,TRUE,FALSE,FALSE,66.3490
Jun 19 2026 00:24:57.000 UTC,1781846697.0,2760.9,31.04735,-103.52672,11,3,37,-77,31,3,1,0,0,-47,4.038,-159.1,TRUE,FALSE,FALSE,69.2467
Jun 19 2026 00:24:57.099 UTC,1781846697.099,2751.9,31.04736,-103.52671,11,3,42,-79,32,3,1,0,0,-47,4.038,-168.1,TRUE,FALSE,FALSE,73.9054
Jun 19 2026 00:24:57.199 UTC,1781846697.199,2743.0,31.04737,-103.52670,11,3,44,-80,33,3,1,0,0,-55,4.038,-177.0,TRUE,FALSE,FALSE,79.0923
Jun 19 2026 00:24:57.299 UTC,1781846697.299,2733.9,31.04739,-103.52670,11,3,45,-82,32,3,1,0,0,-55,4.038,-186.1,TRUE,FALSE,FALSE,84.3113
Jun 19 2026 00:24:57.399 UTC,1781846697.399,2724.6,31.04740,-103.52670,10,3,38,-87,23,3,1,0,0,-55,4.038,-195.4,TRUE,FALSE,FALSE,87.4802
Jun 19 2026 00:24:57.499 UTC,1781846697.499,2714.0,31.04741,-103.52669,10,3,37,-92,23,3,1,0,0,-55,4.038,-206.0,TRUE,FALSE,FALSE,92.2232
Jun 19 2026 00:24:57.599 UTC,1781846697.599,2702.3,31.04742,-103.52669,10,3,37,-98,24,3,1,0,0,-55,4.038,-217.7,TRUE,FALSE,FALSE,95.4961
Jun 19 2026 00:24:57.699 UTC,1781846697.699,2689.3,31.04743,-103.52668,8,3,36,-107,23,3,1,0,0,-55,4.038,-230.7,TRUE,FALSE,FALSE,99.7124
Jun 19 2026 00:25:01.399 UTC,1781846701.399,2534.3,31.04874,-103.52717,5,3,113,1,-21,3,1,0,0,-49,4.033,-385.7,TRUE,FALSE,FALSE,564.4895
Jun 19 2026 00:25:01.599 UTC,1781846701.599,2656.9,31.04884,-103.52726,5,3,118,47,-25,3,1,0,0,-49,4.033,-263.1,TRUE,FALSE,FALSE,604.6291
Jun 19 2026 00:25:01.799 UTC,1781846701.799,2951.6,31.04900,-103.52745,6,3,139,147,-28,3,1,0,0,-49,4.033,31.6,TRUE,FALSE,FALSE,675.5013
Jun 19 2026 00:25:04.699 UTC,1781846704.699,8727.3,31.05151,-103.53094,8,3,195,744,-47,3,1,0,0,-66,4.037,5807.3,TRUE,FALSE,FALSE,2022.0676
Jun 19 2026 00:25:04.799 UTC,1781846704.799,8906.5,31.05159,-103.53105,8,3,194,729,-46,3,1,0,0,-66,4.037,5986.5,TRUE,FALSE,FALSE,2064.2384
Jun 19 2026 00:25:04.899 UTC,1781846704.899,9070.6,31.05166,-103.53115,8,3,193,714,-46,3,1,0,0,-66,4.037,6150.6,TRUE,FALSE,FALSE,2103.8519
Jun 19 2026 00:25:05.000 UTC,1781846705.0,9230.4,31.05173,-103.53124,8,3,196,705,-46,3,1,0,0,-66,4.037,6310.4,TRUE,FALSE,FALSE,2140.8960
Jun 19 2026 00:25:05.199 UTC,1781846705.199,9531.3,31.05186,-103.53143,8,3,196,687,-46,3,1,0,0,-61,4.037,6611.3,TRUE,FALSE,FALSE,2213.9750
Jun 19 2026 00:25:05.299 UTC,1781846705.299,9664.8,31.05192,-103.53151,8,3,198,675,-46,3,1,0,0,-61,4.037,6744.8,TRUE,FALSE,FALSE,2248.4730
Jun 19 2026 00:25:05.399 UTC,1781846705.399,9791.0,31.05198,-103.53159,8,3,197,663,-46,3,1,0,0,-61,4.037,6871.0,TRUE,FALSE,FALSE,2282.4519
Jun 19 2026 00:25:05.499 UTC,1781846705.499,9910.8,31.05204,-103.53167,8,3,194,652,-46,3,1,0,0,-61,4.037,6990.8,TRUE,FALSE,FALSE,2313.8357
Jun 19 2026 00:25:05.599 UTC,1781846705.599,10021.0,31.05209,-103.53174,8,3,192,642,-45,3,1,0,0,-61,4.037,7101.0,TRUE,FALSE,FALSE,2343.1482
Jun 19 2026 00:25:05.699 UTC,1781846705.699,10127.3,31.05215,-103.53181,8,3,190,632,-45,3,1,0,0,-61,4.037,7207.3,TRUE,FALSE,FALSE,2371.9361
Jun 19 2026 00:25:05.799 UTC,1781846705.799,10265.6,31.05220,-103.53189,9,3,189,622,-45,3,1,0,0,-61,4.037,7345.6,TRUE,FALSE,FALSE,2405.4275
Jun 19 2026 00:25:05.899 UTC,1781846705.899,10393.0,31.05226,-103.53197,9,3,189,607,-45,3,1,0,0,-61,4.037,7473.0,TRUE,FALSE,FALSE,2436.8445
Jun 19 2026 00:25:06.000 UTC,1781846706.0,10511.6,31.05232,-103.53204,9,3,190,593,-44,3,1,0,0,-61,4.037,7591.6,TRUE,FALSE,FALSE,2468.2694
Jun 19 2026 00:25:06.099 UTC,1781846706.099,10621.0,31.05237,-103.53211,9,3,190,580,-44,3,1,0,0,-61,4.037,7701.0,TRUE,FALSE,FALSE,2497.6094
Jun 19 2026 00:25:06.199 UTC,1781846706.199,10724.2,31.05243,-103.53218,9,3,190,568,-43,3,1,0,0,-61,4.037,7804.2,TRUE,FALSE,FALSE,2525.9029
Jun 19 2026 00:25:06.299 UTC,1781846706.299,10820.8,31.05248,-103.53225,9,3,190,557,-43,3,1,0,0,-61,4.037,7900.8,TRUE,FALSE,FALSE,2554.2021
Jun 19 2026 00:25:06.399 UTC,1781846706.399,10910.0,31.05253,-103.53231,9,3,188,545,-44,3,1,0,0,-61,4.037,7990.0,TRUE,FALSE,FALSE,2580.4092
Jun 19 2026 00:25:06.499 UTC,1781846706.499,10994.3,31.05258,-103.53236,9,3,187,532,-43,3,1,0,0,-61,4.037,8074.3,TRUE,FALSE,FALSE,2605.0439
Jun 19 2026 00:25:06.599 UTC,1781846706.599,11070.7,31.05262,-103.53242,9,3,183,519,-43,3,1,0,0,-61,4.04,8150.7,TRUE,FALSE,FALSE,2629.1552
Jun 19 2026 00:25:06.699 UTC,1781846706.699,11143.5,31.05267,-103.53247,9,3,181,508,-42,3,1,0,0,-61,4.04,8223.5,TRUE,FALSE,FALSE,2652.7436
Jun 19 2026 00:25:06.799 UTC,1781846706.799,11195.4,31.05272,-103.53252,10,3,183,464,-40,3,1,0,0,-61,4.04,8275.4,TRUE,FALSE,FALSE,2678.9488
Jun 19 2026 00:25:06.899 UTC,1781846706.899,11260.4,31.05277,-103.53259,10,3,184,444,-39,3,1,0,0,-61,4.04,8340.4,TRUE,FALSE,FALSE,2705.1602
Jun 19 2026 00:25:07.000 UTC,1781846707.0,11323.7,31.05282,-103.53263,10,3,186,429,-39,3,1,0,0,-61,4.04,8403.7,TRUE,FALSE,FALSE,2728.2193
Jun 19 2026 00:25:07.199 UTC,1781846707.199,11453.7,31.05291,-103.53273,11,3,181,408,-40,3,1,0,0,-61,4.04,8533.7,TRUE,FALSE,FALSE,2772.2530
Jun 19 2026 00:25:07.299 UTC,1781846707.299,11508.5,31.05295,-103.53277,11,3,180,403,-40,3,1,0,0,-61,4.04,8588.5,TRUE,FALSE,FALSE,2791.6426
Jun 19 2026 00:25:07.399 UTC,1781846707.399,11562.0,31.05299,-103.53281,11,3,181,399,-40,3,1,0,0,-61,4.04,8642.0,TRUE,FALSE,FALSE,2810.5097
Jun 19 2026 00:25:07.499 UTC,1781846707.499,11615.9,31.05303,-103.53284,10,3,182,398,-40,3,1,0,0,-61,4.04,8695.9,TRUE,FALSE,FALSE,2829.3769
Jun 19 2026 00:25:07.599 UTC,1781846707.599,11668.1,31.05307,-103.53288,10,3,180,395,-41,3,1,0,0,-61,4.04,8748.1,TRUE,FALSE,FALSE,2847.7210
Jun 19 2026 00:25:07.699 UTC,1781846707.699,11721.2,31.05311,-103.53292,10,3,179,394,-41,3,1,0,0,-61,4.04,8801.2,TRUE,FALSE,FALSE,2865.5419
Jun 19 2026 00:25:07.799 UTC,1781846707.799,11770.8,31.05314,-103.53295,11,3,176,389,-40,3,1,0,0,-61,4.04,8850.8,TRUE,FALSE,FALSE,2881.7871
Jun 19 2026 00:25:07.899 UTC,1781846707.899,11819.7,31.05318,-103.53298,11,3,175,386,-40,3,1,0,0,-61,4.04,8899.7,TRUE,FALSE,FALSE,2898.0332
Jun 19 2026 00:25:08.000 UTC,1781846708.0,11862.9,31.05322,-103.53301,10,3,176,380,-40,3,1,0,0,-61,4.04,8942.9,TRUE,FALSE,FALSE,2914.2801
Jun 19 2026 00:25:08.199 UTC,1781846708.199,11948.0,31.05329,-103.53308,11,3,176,374,-40,3,1,0,0,-58,4.04,9028.0,TRUE,FALSE,FALSE,2948.3482
Jun 19 2026 00:25:08.299 UTC,1781846708.299,11988.7,31.05333,-103.53312,11,3,176,370,-40,3,1,0,0,-58,4.04,9068.7,TRUE,FALSE,FALSE,2966.6927
Jun 19 2026 00:25:08.399 UTC,1781846708.399,12028.6,31.05336,-103.53315,11,3,176,366,-41,3,1,0,0,-58,4.04,9108.6,TRUE,FALSE,FALSE,2982.9412
Jun 19 2026 00:25:08.499 UTC,1781846708.499,12067.0,31.05340,-103.53319,11,3,175,362,-41,3,1,0,0,-58,4.04,9147.0,TRUE,FALSE,FALSE,3001.2859
Jun 19 2026 00:25:08.599 UTC,1781846708.599,12105.9,31.05344,-103.53323,12,3,177,355,-41,3,1,0,0,-58,4.04,9185.9,TRUE,FALSE,FALSE,3020.1550
Jun 19 2026 00:25:08.699 UTC,1781846708.699,12143.3,31.05348,-103.53326,12,3,178,348,-41,3,1,0,0,-58,4.04,9223.3,TRUE,FALSE,FALSE,3039.0242
Jun 19 2026 00:25:08.799 UTC,1781846708.799,12176.4,31.05352,-103.53330,13,3,177,341,-41,3,1,0,0,-58,4.04,9256.4,TRUE,FALSE,FALSE,3057.8936
Jun 19 2026 00:25:08.899 UTC,1781846708.899,12212.9,31.05356,-103.53334,12,3,176,336,-41,3,1,0,1,-58,4.04,9292.9,TRUE,FALSE,FALSE,3076.2383
Jun 19 2026 00:25:09.000 UTC,1781846709.0,12245.9,31.05359,-103.53338,13,3,176,333,-41,3,1,0,1,-58,4.04,9325.9,TRUE,FALSE,FALSE,3094.0584
Jun 19 2026 00:25:09.199 UTC,1781846709.199,12312.6,31.05367,-103.53345,13,3,177,329,-41,3,1,0,1,-61,4.04,9392.6,TRUE,FALSE,FALSE,3128.6534
Jun 19 2026 00:25:09.299 UTC,1781846709.299,12356.4,31.05371,-103.53349,11,3,178,332,-41,3,1,0,0,-61,4.04,9436.4,TRUE,FALSE,FALSE,3148.5679
Jun 19 2026 00:25:09.499 UTC,1781846709.499,12427.0,31.05378,-103.53357,13,3,178,329,-41,3,1,0,0,-61,4.04,9507.0,TRUE,FALSE,FALSE,3185.2574
Jun 19 2026 00:25:09.699 UTC,1781846709.699,12513.1,31.05387,-103.53366,14,3,192,356,-44,3,1,0,0,-61,4.04,9593.1,TRUE,FALSE,FALSE,3227.1861
Jun 19 2026 00:25:09.799 UTC,1781846709.799,12561.3,31.05391,-103.53371,14,3,195,366,-45,3,1,0,0,-61,4.04,9641.3,TRUE,FALSE,FALSE,3250.2465
Jun 19 2026 00:25:09.899 UTC,1781846709.899,12603.5,31.05395,-103.53376,15,3,177,340,-42,3,1,0,0,-61,4.04,9683.5,TRUE,FALSE,FALSE,3270.6874
Jun 19 2026 00:25:10.000 UTC,1781846710.0,12637.7,31.05399,-103.53380,14,3,167,320,-43,3,1,0,0,-61,4.04,9717.7,TRUE,FALSE,FALSE,3289.0319
Jun 19 2026 00:25:10.199 UTC,1781846710.199,12702.1,31.05407,-103.53388,14,3,163,301,-42,3,1,0,0,-61,4.04,9782.1,TRUE,FALSE,FALSE,3327.8175
Jun 19 2026 00:25:10.299 UTC,1781846710.299,12732.5,31.05411,-103.53392,14,3,164,295,-41,3,1,0,0,-61,4.04,9812.5,TRUE,FALSE,FALSE,3346.1619
Jun 19 2026 00:25:10.399 UTC,1781846710.399,12762.6,31.05414,-103.53396,14,3,162,292,-41,3,1,0,0,-61,4.04,9842.6,TRUE,FALSE,FALSE,3364.5063
Jun 19 2026 00:25:10.499 UTC,1781846710.499,12791.7,31.05418,-103.53400,14,3,162,286,-41,3,1,0,0,-61,4.04,9871.7,TRUE,FALSE,FALSE,3382.8507
Jun 19 2026 00:25:10.599 UTC,1781846710.599,12821.1,31.05422,-103.53403,14,3,161,282,-41,3,1,0,0,-61,4.04,9901.1,TRUE,FALSE,FALSE,3400.6711
Jun 19 2026 00:25:10.699 UTC,1781846710.699,12850.1,31.05425,-103.53407,14,3,162,280,-41,3,1,0,0,-61,4.04,9930.1,TRUE,FALSE,FALSE,3418.4915
Jun 19 2026 00:25:10.799 UTC,1781846710.799,12877.7,31.05429,-103.53411,14,3,161,274,-42,3,1,0,0,-61,4.04,9957.7,TRUE,FALSE,FALSE,3436.3119
Jun 19 2026 00:25:10.899 UTC,1781846710.899,12904.6,31.05433,-103.53415,14,3,160,269,-43,3,1,0,0,-61,4.04,9984.6,TRUE,FALSE,FALSE,3454.1323
Jun 19 2026 00:25:11.000 UTC,1781846711.0,12931.7,31.05436,-103.53419,14,3,161,268,-41,3,1,0,0,-61,4.04,10011.7,TRUE,FALSE,FALSE,3471.4289
Jun 19 2026 00:25:11.199 UTC,1781846711.199,12988.6,31.05443,-103.53426,14,3,161,267,-41,3,1,0,0,-61,4.04,10068.6,TRUE,FALSE,FALSE,3504.9726
Jun 19 2026 00:25:11.299 UTC,1781846711.299,13017.3,31.05447,-103.53429,14,3,162,268,-40,3,1,0,0,-61,4.041,10097.3,TRUE,FALSE,FALSE,3522.2692
Jun 19 2026 00:25:11.399 UTC,1781846711.399,13045.8,31.05450,-103.53432,14,3,161,268,-40,3,1,0,0,-61,4.041,10125.8,TRUE,FALSE,FALSE,3537.9925
Jun 19 2026 00:25:11.499 UTC,1781846711.499,13074.5,31.05453,-103.53436,14,3,159,267,-39,3,1,0,0,-61,4.041,10154.5,TRUE,FALSE,FALSE,3553.7161
Jun 19 2026 00:25:11.599 UTC,1781846711.599,13103.2,31.05457,-103.53439,14,3,156,268,-39,3,1,0,0,-61,4.041,10183.2,TRUE,FALSE,FALSE,3568.9158
Jun 19 2026 00:25:11.699 UTC,1781846711.699,13132.3,31.05460,-103.53442,14,3,154,269,-39,3,1,0,0,-61,4.041,10212.3,TRUE,FALSE,FALSE,3584.6400
Jun 19 2026 00:25:11.799 UTC,1781846711.799,13161.3,31.05463,-103.53445,14,3,154,270,-39,3,1,0,0,-61,4.041,10241.3,TRUE,FALSE,FALSE,3599.8400
Jun 19 2026 00:25:11.899 UTC,1781846711.899,13188.0,31.05467,-103.53448,14,3,157,265,-40,3,1,0,0,-61,4.041,10268.0,TRUE,FALSE,FALSE,3617.1358
Jun 19 2026 00:25:12.000 UTC,1781846712.0,13214.7,31.05470,-103.53452,14,3,157,264,-40,3,1,0,0,-61,4.041,10294.7,TRUE,FALSE,FALSE,3632.3358
Jun 19 2026 00:25:12.299 UTC,1781846712.299,13290.2,31.05481,-103.53461,12,3,158,256,-39,3,1,0,0,-64,4.041,10370.2,TRUE,FALSE,FALSE,3681.6053
Jun 19 2026 00:25:12.399 UTC,1781846712.399,13314.9,31.05484,-103.53465,13,3,162,260,-38,3,1,0,0,-64,4.041,10394.9,TRUE,FALSE,FALSE,3698.3801
Jun 19 2026 00:25:12.499 UTC,1781846712.499,13339.2,31.05488,-103.53468,13,3,166,261,-38,3,1,0,0,-64,4.041,10419.2,TRUE,FALSE,FALSE,3716.7248
Jun 19 2026 00:25:12.599 UTC,1781846712.599,13363.6,31.05492,-103.53472,13,3,168,260,-38,3,1,0,0,-64,4.041,10443.6,TRUE,FALSE,FALSE,3735.5944
Jun 19 2026 00:25:12.699 UTC,1781846712.699,13387.3,31.05496,-103.53475,13,3,172,258,-37,3,1,0,0,-64,4.041,10467.3,TRUE,FALSE,FALSE,3752.8959
Jun 19 2026 00:25:12.799 UTC,1781846712.799,13411.8,31.05500,-103.53479,13,3,174,256,-38,3,1,0,0,-64,4.041,10491.8,TRUE,FALSE,FALSE,3771.7661
Jun 19 2026 00:25:12.899 UTC,1781846712.899,13445.7,31.05504,-103.53483,13,3,181,275,-40,3,1,0,0,-64,4.041,10525.7,TRUE,FALSE,FALSE,3789.5856
Jun 19 2026 00:25:13.000 UTC,1781846713.0,13477.4,31.05508,-103.53487,12,3,186,280,-43,3,1,0,0,-64,4.041,10557.4,TRUE,FALSE,FALSE,3809.4985
Jun 19 2026 00:25:13.099 UTC,1781846713.099,13483.8,31.05513,-103.53493,10,3,188,258,-44,3,1,0,0,-64,4.041,10563.8,TRUE,FALSE,FALSE,3834.1310
Jun 19 2026 00:25:13.199 UTC,1781846713.199,13498.5,31.05517,-103.53497,9,3,188,244,-43,3,1,0,0,-64,4.041,10578.5,TRUE,FALSE,FALSE,3855.6196
Jun 19 2026 00:25:13.299 UTC,1781846713.299,13515.5,31.05521,-103.53501,10,3,188,236,-43,3,1,0,0,-64,4.041,10595.5,TRUE,FALSE,FALSE,3875.0145
Jun 19 2026 00:25:13.399 UTC,1781846713.399,13534.4,31.05525,-103.53505,11,3,183,227,-43,3,1,0,0,-64,4.039,10614.4,TRUE,FALSE,FALSE,3892.3091
Jun 19 2026 00:25:13.499 UTC,1781846713.499,13551.0,31.05528,-103.53509,11,3,180,218,-43,3,1,0,0,-64,4.039,10631.0,TRUE,FALSE,FALSE,3909.6038
Jun 19 2026 00:25:13.599 UTC,1781846713.599,13566.0,31.05532,-103.53513,11,3,179,209,-43,3,1,0,0,-64,4.039,10646.0,TRUE,FALSE,FALSE,3928.9933
Jun 19 2026 00:25:13.699 UTC,1781846713.699,13580.4,31.05535,-103.53517,11,3,179,202,-42,3,1,0,0,-64,4.039,10660.4,TRUE,FALSE,FALSE,3946.8131
Jun 19 2026 00:25:13.899 UTC,1781846713.899,13606.7,31.05542,-103.53524,9,3,173,182,-42,3,1,0,0,-64,4.039,10686.7,TRUE,FALSE,FALSE,3979.8334
Jun 19 2026 00:25:14.000 UTC,1781846714.0,13607.7,31.05546,-103.53527,10,3,167,154,-41,3,1,0,0,-64,4.039,10687.7,TRUE,FALSE,FALSE,3996.0835
Jun 19 2026 00:25:14.199 UTC,1781846714.199,13623.8,31.05552,-103.53534,11,3,162,143,-41,3,1,0,0,-64,4.039,10703.8,TRUE,FALSE,FALSE,4027.5294
Jun 19 2026 00:25:14.299 UTC,1781846714.299,13633.6,31.05555,-103.53537,10,3,161,142,-41,3,1,0,0,-64,4.039,10713.6,TRUE,FALSE,FALSE,4041.6803
Jun 19 2026 00:25:14.399 UTC,1781846714.399,13642.4,31.05558,-103.53540,12,3,159,135,-40,3,1,0,0,-64,4.039,10722.4,TRUE,FALSE,FALSE,4056.8807
Jun 19 2026 00:25:14.499 UTC,1781846714.499,13651.5,31.05561,-103.53544,12,3,160,132,-41,3,1,0,0,-64,4.039,10731.5,TRUE,FALSE,FALSE,4073.1265
Jun 19 2026 00:25:14.599 UTC,1781846714.599,13660.1,31.05564,-103.53547,12,3,163,129,-41,3,1,0,0,-64,4.039,10740.1,TRUE,FALSE,FALSE,4088.3268
Jun 19 2026 00:25:14.699 UTC,1781846714.699,13669.3,31.05568,-103.53551,12,3,159,124,-40,3,1,0,0,-64,4.039,10749.3,TRUE,FALSE,FALSE,4104.5730
Jun 19 2026 00:25:14.899 UTC,1781846714.899,13689.2,31.05574,-103.53557,12,3,158,117,-41,3,1,0,0,-64,4.039,10769.2,TRUE,FALSE,FALSE,4133.9242
Jun 19 2026 00:25:15.000 UTC,1781846715.0,13697.7,31.05577,-103.53561,12,3,160,113,-41,3,1,0,0,-64,4.039,10777.7,TRUE,FALSE,FALSE,4150.1709
Jun 19 2026 00:25:15.099 UTC,1781846715.099,13706.2,31.05580,-103.53564,13,3,161,112,-41,3,1,0,0,-64,4.039,10786.2,TRUE,FALSE,FALSE,4166.9425
Jun 19 2026 00:25:15.199 UTC,1781846715.199,13713.0,31.05583,-103.53568,13,3,160,106,-42,3,1,0,1,-62,4.039,10793.0,TRUE,FALSE,FALSE,4182.1423
Jun 19 2026 00:25:15.299 UTC,1781846715.299,13718.5,31.05587,-103.53571,13,3,160,100,-41,3,1,0,1,-62,4.039,10798.5,TRUE,FALSE,FALSE,4199.4381
Jun 19 2026 00:25:15.399 UTC,1781846715.399,13723.8,31.05590,-103.53575,13,3,159,96,-41,3,1,0,1,-62,4.039,10803.8,TRUE,FALSE,FALSE,4216.7342
Jun 19 2026 00:25:15.499 UTC,1781846715.499,13728.8,31.05593,-103.53578,13,3,161,91,-41,3,1,0,1,-62,4.039,10808.8,TRUE,FALSE,FALSE,4232.4580
Jun 19 2026 00:25:15.599 UTC,1781846715.599,13732.4,31.05597,-103.53582,13,3,161,85,-40,3,1,0,1,-62,4.039,10812.4,TRUE,FALSE,FALSE,4250.2781
Jun 19 2026 00:25:15.699 UTC,1781846715.699,13735.9,31.05601,-103.53586,13,3,162,81,-40,3,1,0,1,-62,4.039,10815.9,TRUE,FALSE,FALSE,4267.5741
Jun 19 2026 00:25:15.799 UTC,1781846715.799,13738.7,31.05604,-103.53589,13,3,161,77,-41,3,1,0,1,-62,4.039,10818.7,TRUE,FALSE,FALSE,4283.8222
Jun 19 2026 00:25:15.899 UTC,1781846715.899,13741.0,31.05608,-103.53593,13,3,160,74,-41,3,1,0,1,-62,4.039,10821.0,TRUE,FALSE,FALSE,4301.6423
Jun 19 2026 00:25:16.000 UTC,1781846716.0,13743.6,31.05611,-103.53596,13,3,157,71,-41,3,1,0,1,-62,4.039,10823.6,TRUE,FALSE,FALSE,4318.9382
Jun 19 2026 00:25:16.099 UTC,1781846716.099,13745.0,31.05615,-103.53600,13,3,159,64,-41,3,1,0,0,-62,4.039,10825.0,TRUE,FALSE,FALSE,4335.1865
Jun 19 2026 00:25:16.199 UTC,1781846716.199,13746.2,31.05618,-103.53603,14,3,160,61,-40,3,1,0,0,-59,4.039,10826.2,TRUE,FALSE,FALSE,4353.0065
Jun 19 2026 00:25:16.299 UTC,1781846716.299,13747.1,31.05622,-103.53607,14,3,159,57,-40,3,1,0,0,-59,4.039,10827.1,TRUE,TRUE,FALSE,4370.8266
Jun 19 2026 00:25:16.399 UTC,1781846716.399,13747.6,31.05626,-103.53610,15,3,159,54,-40,3,1,0,1,-59,4.039,10827.6,TRUE,TRUE,FALSE,4387.0752
Jun 19 2026 00:25:16.499 UTC,1781846716.499,13747.4,31.05629,-103.53614,15,3,157,51,-40,3,1,0,1,-59,4.039,10827.4,TRUE,TRUE,FALSE,4404.8952
Jun 19 2026 00:25:16.599 UTC,1781846716.599,13747.5,31.05633,-103.53617,17,3,157,46,-40,3,1,0,1,-59,4.039,10827.5,TRUE,TRUE,FALSE,4420.6197
Jun 19 2026 00:25:16.699 UTC,1781846716.699,13747.4,31.05636,-103.53621,17,3,156,43,-40,3,1,0,1,-59,4.039,10827.4,TRUE,TRUE,FALSE,4438.4396
Jun 19 2026 00:25:16.799 UTC,1781846716.799,13747.0,31.05640,-103.53625,17,3,157,37,-40,3,1,0,1,-59,4.039,10827.0,TRUE,TRUE,FALSE,4455.7351
Jun 19 2026 00:25:16.899 UTC,1781846716.899,13746.3,31.05643,-103.53628,17,3,157,33,-40,3,1,0,1,-59,4.039,10826.3,TRUE,TRUE,FALSE,4471.9842
Jun 19 2026 00:25:17.000 UTC,1781846717.0,13746.0,31.05647,-103.53632,17,3,158,31,-40,3,1,0,1,-59,4.039,10826.0,TRUE,TRUE,FALSE,4489.2795
Jun 19 2026 00:25:17.099 UTC,1781846717.099,13745.4,31.05650,-103.53635,18,3,157,27,-39,3,1,0,1,-59,4.039,10825.4,TRUE,TRUE,FALSE,4505.0042
Jun 19 2026 00:25:17.199 UTC,1781846717.199,13744.1,31.05654,-103.53638,18,3,159,23,-39,3,1,0,1,-60,4.039,10824.1,TRUE,TRUE,FALSE,4522.2995
Jun 19 2026 00:25:17.299 UTC,1781846717.299,13744.6,31.05657,-103.53642,16,3,156,20,-39,3,1,0,1,-60,4.039,10824.6,TRUE,TRUE,FALSE,4538.5489
Jun 19 2026 00:25:17.399 UTC,1781846717.399,13743.4,31.05661,-103.53645,19,3,161,20,-39,3,1,0,1,-60,4.039,10823.4,TRUE,TRUE,FALSE,4554.7988
Jun 19 2026 00:25:17.499 UTC,1781846717.499,13741.9,31.05664,-103.53648,19,3,161,18,-39,3,1,0,1,-60,4.033,10821.9,TRUE,TRUE,FALSE,4572.0937
Jun 19 2026 00:25:17.599 UTC,1781846717.599,13741.4,31.05668,-103.53652,19,3,162,16,-40,3,1,0,1,-60,4.033,10821.4,TRUE,TRUE,FALSE,4589.9135
Jun 19 2026 00:25:17.699 UTC,1781846717.699,13741.0,31.05672,-103.53655,19,3,163,13,-40,3,1,0,1,-60,4.033,10821.0,TRUE,TRUE,FALSE,4605.6387
Jun 19 2026 00:25:17.799 UTC,1781846717.799,13740.9,31.05675,-103.53659,19,3,163,13,-41,3,1,0,0,-60,4.033,10820.9,TRUE,TRUE,FALSE,4622.9336
Jun 19 2026 00:25:17.899 UTC,1781846717.899,13740.8,31.05678,-103.53662,19,3,162,12,-41,3,1,0,0,-60,4.033,10820.8,TRUE,TRUE,FALSE,4638.6589
Jun 19 2026 00:25:18.000 UTC,1781846718.0,13740.7,31.05682,-103.53666,19,3,162,11,-41,3,1,0,0,-60,4.033,10820.7,TRUE,TRUE,FALSE,4655.4289
Jun 19 2026 00:25:18.199 UTC,1781846718.199,13741.2,31.05688,-103.53673,19,3,157,6,-43,3,1,0,0,-58,4.033,10821.2,TRUE,TRUE,FALSE,4687.3995
Jun 19 2026 00:25:18.299 UTC,1781846718.299,13740.3,31.05691,-103.53677,19,3,155,5,-43,3,1,0,0,-58,4.033,10820.3,TRUE,TRUE,FALSE,4703.6455
Jun 19 2026 00:25:18.399 UTC,1781846718.399,13740.2,31.05694,-103.53680,19,3,154,2,-43,3,1,0,1,-58,4.033,10820.2,TRUE,TRUE,FALSE,4717.7965
Jun 19 2026 00:25:18.499 UTC,1781846718.499,13739.4,31.05697,-103.53683,19,3,153,2,-44,3,1,0,1,-58,4.033,10819.4,TRUE,TRUE,FALSE,4733.5189
Jun 19 2026 00:25:18.599 UTC,1781846718.599,13737.1,31.05700,-103.53687,21,3,154,-1,-45,3,1,0,2,-58,4.033,10817.1,TRUE,TRUE,FALSE,4748.7186
Jun 19 2026 00:25:18.699 UTC,1781846718.699,13734.4,31.05703,-103.53690,20,3,155,-5,-46,3,1,0,2,-58,4.033,10814.4,TRUE,TRUE,FALSE,4764.9658
Jun 19 2026 00:25:18.799 UTC,1781846718.799,13730.5,31.05706,-103.53694,19,3,158,-10,-46,3,1,0,2,-58,4.033,10810.5,TRUE,TRUE,FALSE,4781.7376
Jun 19 2026 00:25:18.899 UTC,1781846718.899,13725.7,31.05710,-103.53698,20,3,160,-14,-46,3,1,0,2,-58,4.033,10805.7,TRUE,TRUE,FALSE,4798.5097
Jun 19 2026 00:25:19.000 UTC,1781846719.0,13720.8,31.05713,-103.53702,19,3,164,-20,-45,3,1,0,2,-58,4.033,10800.8,TRUE,TRUE,FALSE,4815.8060
Jun 19 2026 00:25:19.199 UTC,1781846719.199,13711.8,31.05720,-103.53709,20,3,166,-30,-45,3,1,0,1,-58,4.033,10791.8,TRUE,TRUE,FALSE,4848.3015
Jun 19 2026 00:25:19.299 UTC,1781846719.299,13706.4,31.05723,-103.53712,21,3,166,-30,-44,3,1,0,1,-58,4.033,10786.4,TRUE,TRUE,FALSE,4865.5979
Jun 19 2026 00:25:19.399 UTC,1781846719.399,13701.4,31.05727,-103.53716,19,3,166,-29,-44,3,1,0,1,-58,4.033,10781.4,TRUE,TRUE,FALSE,4882.8943
Jun 19 2026 00:25:19.499 UTC,1781846719.499,13696.8,31.05730,-103.53719,19,3,166,-28,-44,3,1,0,1,-58,4.033,10776.8,TRUE,TRUE,FALSE,4898.0934
Jun 19 2026 00:25:19.599 UTC,1781846719.599,13691.2,31.05733,-103.53723,19,3,167,-32,-45,3,1,0,1,-58,4.033,10771.2,TRUE,TRUE,FALSE,4915.3898
Jun 19 2026 00:25:19.699 UTC,1781846719.699,13685.9,31.05737,-103.53727,20,3,167,-33,-45,3,1,0,1,-58,4.037,10765.9,TRUE,TRUE,FALSE,4932.6864
Jun 19 2026 00:25:19.799 UTC,1781846719.799,13680.8,31.05740,-103.53731,19,3,167,-34,-45,3,1,0,1,-58,4.037,10760.8,TRUE,TRUE,FALSE,4949.4595
Jun 19 2026 00:25:19.899 UTC,1781846719.899,13676.6,31.05743,-103.53734,19,3,164,-34,-45,3,1,0,1,-58,4.037,10756.6,TRUE,TRUE,FALSE,4964.6583
Jun 19 2026 00:25:20.000 UTC,1781846720.0,13671.7,31.05746,-103.53738,17,3,162,-35,-45,3,1,0,1,-58,4.037,10751.7,TRUE,TRUE,FALSE,4980.9079
Jun 19 2026 00:25:20.099 UTC,1781846720.099,13666.4,31.05750,-103.53741,17,3,162,-36,-46,3,1,0,1,-58,4.037,10746.4,TRUE,TRUE,FALSE,4996.1066
Jun 19 2026 00:25:20.299 UTC,1781846720.299,13655.3,31.05756,-103.53748,16,3,158,-45,-45,3,1,0,0,-64,4.037,10735.3,TRUE,TRUE,FALSE,5027.0317
Jun 19 2026 00:25:20.399 UTC,1781846720.399,13647.5,31.05759,-103.53751,16,3,162,-50,-44,3,1,0,0,-64,4.037,10727.5,TRUE,TRUE,FALSE,5043.8054
Jun 19 2026 00:25:20.499 UTC,1781846720.499,13639.8,31.05762,-103.53755,18,3,163,-53,-44,3,1,0,0,-64,4.037,10719.8,TRUE,TRUE,FALSE,5060.5794
Jun 19 2026 00:25:20.599 UTC,1781846720.599,13632.0,31.05766,-103.53758,17,3,162,-57,-43,3,1,0,0,-64,4.037,10712.0,TRUE,TRUE,FALSE,5076.3009
Jun 19 2026 00:25:20.699 UTC,1781846720.699,13624.9,31.05769,-103.53761,17,3,160,-57,-43,3,1,0,0,-64,4.037,10704.9,TRUE,TRUE,FALSE,5090.9760
Jun 19 2026 00:25:21.000 UTC,1781846721.0,13604.1,31.05779,-103.53770,15,3,161,-66,-40,3,1,0,0,-64,4.037,10684.1,TRUE,TRUE,FALSE,5137.0949
Jun 19 2026 00:25:22.000 UTC,1781846722.0,13515.3,31.05811,-103.53802,19,3,144,-83,-41,3,1,0,0,-53,4.044,10595.3,TRUE,TRUE,FALSE,5290.6579
Jun 19 2026 00:25:23.000 UTC,1781846723.0,13421.3,31.05837,-103.53825,18,3,109,-83,-35,3,1,0,3,-59,4.044,10501.3,TRUE,TRUE,FALSE,5410.1578
Jun 19 2026 00:25:24.000 UTC,1781846724.0,13327.9,31.05857,-103.53840,18,3,74,-92,-31,3,1,0,4,-59,4.017,10407.9,TRUE,TRUE,FALSE,5495.6189
Jun 19 2026 00:25:25.000 UTC,1781846725.0,13226.4,31.05867,-103.53844,16,3,39,-84,-21,3,1,0,2,-58,4.017,10306.4,TRUE,TRUE,FALSE,5532.3664
Jun 19 2026 00:25:26.000 UTC,1781846726.0,13135.0,31.05867,-103.53844,23,3,19,-77,-11,3,1,0,1,-64,4.017,10215.0,TRUE,TRUE,FALSE,5530.8047
Jun 19 2026 00:25:27.000 UTC,1781846727.0,13101.6,31.05866,-103.53838,25,3,21,-28,94,3,1,0,1,-64,4.018,10181.6,TRUE,TRUE,FALSE,5516.7221
Jun 19 2026 00:25:28.000 UTC,1781846728.0,13075.5,31.05860,-103.53833,23,3,14,-32,144,3,1,0,4,-64,4.018,10155.5,TRUE,TRUE,FALSE,5490.5113
Jun 19 2026 00:25:29.000 UTC,1781846729.0,13044.5,31.05857,-103.53829,22,3,16,-28,97,3,1,0,7,-64,4.041,10124.5,TRUE,TRUE,FALSE,5474.8050
Jun 19 2026 00:25:30.000 UTC,1781846730.0,13020.5,31.05853,-103.53822,24,3,20,-28,143,3,1,0,6,-59,4.041,10100.5,TRUE,TRUE,FALSE,5447.5923
Jun 19 2026 00:25:31.000 UTC,1781846731.0,12998.0,31.05849,-103.53818,22,3,13,-25,113,3,1,0,7,-59,4.037,10078.0,TRUE,TRUE,FALSE,5429.8054
Jun 19 2026 00:25:32.000 UTC,1781846732.0,12971.2,31.05849,-103.53810,24,3,25,-29,117,3,1,0,10,-59,4.037,10051.2,TRUE,TRUE,FALSE,5412.1676
Jun 19 2026 00:25:33.000 UTC,1781846733.0,12935.6,31.05844,-103.53805,27,3,10,-28,130,3,1,0,8,-59,4.039,10015.6,TRUE,TRUE,FALSE,5389.6647
Jun 19 2026 00:25:34.000 UTC,1781846734.0,12907.2,31.05843,-103.53799,25,3,25,-25,123,3,1,2,9,-64,4.039,9987.2,TRUE,TRUE,FALSE,5375.6542
Jun 19 2026 00:25:35.000 UTC,1781846735.0,12880.3,31.05839,-103.53795,26,3,10,-29,121,3,1,2,8,-64,4.033,9960.3,TRUE,TRUE,FALSE,5354.7022
Jun 19 2026 00:25:36.000 UTC,1781846736.0,12855.0,31.05838,-103.53789,23,3,25,-20,108,3,1,2,10,-54,4.033,9935.0,TRUE,TRUE,FALSE,5340.2356
Jun 19 2026 00:25:37.000 UTC,1781846737.0,12821.6,31.05836,-103.53783,25,3,12,-29,125,3,1,2,6,-59,4.033,9901.6,TRUE,TRUE,FALSE,5319.9364
Jun 19 2026 00:25:38.000 UTC,1781846738.0,12789.9,31.05835,-103.53779,22,3,19,-24,84,3,1,1,8,-59,4.032,9869.9,TRUE,TRUE,FALSE,5311.7224
Jun 19 2026 00:25:39.000 UTC,1781846739.0,12759.9,31.05834,-103.53770,24,3,34,-28,121,3,1,2,11,-59,4.032,9839.9,TRUE,TRUE,FALSE,5290.5986
Jun 19 2026 00:25:40.000 UTC,1781846740.0,12733.0,31.05829,-103.53764,24,3,13,-30,138,3,1,1,7,-67,4.037,9813.0,TRUE,TRUE,FALSE,5263.9242
Jun 19 2026 00:25:41.000 UTC,1781846741.0,12705.5,31.05827,-103.53760,26,3,22,-24,92,3,1,2,9,-54,4.037,9785.5,TRUE,TRUE,FALSE,5251.0158
Jun 19 2026 00:25:42.000 UTC,1781846742.0,12677.5,31.05824,-103.53751,25,3,34,-29,134,3,1,2,11,-61,4.037,9757.5,TRUE,TRUE,FALSE,5224.0700
Jun 19 2026 00:25:43.000 UTC,1781846743.0,12645.8,31.05817,-103.53747,26,3,17,-28,158,3,1,1,11,-62,4.037,9725.8,TRUE,TRUE,FALSE,5195.6195
Jun 19 2026 00:25:44.000 UTC,1781846744.0,12616.4,31.05815,-103.53744,22,3,21,-28,89,3,1,1,7,-62,4.032,9696.4,TRUE,TRUE,FALSE,5185.2380
Jun 19 2026 00:25:45.000 UTC,1781846745.0,12584.2,31.05813,-103.53735,22,3,33,-26,134,3,1,3,12,-58,4.032,9664.2,TRUE,TRUE,FALSE,5160.0275
Jun 19 2026 00:25:46.000 UTC,1781846746.0,12556.0,31.05808,-103.53730,23,3,14,-26,122,3,1,1,7,-57,4.029,9636.0,TRUE,TRUE,FALSE,5136.9416
Jun 19 2026 00:25:47.000 UTC,1781846747.0,12529.7,31.05806,-103.53722,21,3,29,-23,117,3,1,1,10,-59,4.029,9609.7,TRUE,TRUE,FALSE,5116.9602
Jun 19 2026 00:25:48.000 UTC,1781846748.0,12501.1,31.05800,-103.53717,27,3,15,-25,144,3,1,1,12,-60,4.033,9581.1,TRUE,TRUE,FALSE,5090.2051
Jun 19 2026 00:25:49.000 UTC,1781846749.0,12473.9,31.05798,-103.53712,25,3,25,-20,124,3,1,2,11,-60,4.033,9553.9,TRUE,TRUE,FALSE,5074.6719
Jun 19 2026 00:25:50.000 UTC,1781846750.0,12450.1,31.05794,-103.53707,25,3,19,-19,123,3,1,2,9,-60,4.01,9530.1,TRUE,TRUE,FALSE,5053.3164
Jun 19 2026 00:25:51.000 UTC,1781846751.0,12425.7,31.05790,-103.53702,26,3,23,-24,145,3,1,1,11,-60,4.01,9505.7,TRUE,TRUE,FALSE,5030.8833
Jun 19 2026 00:25:52.000 UTC,1781846752.0,12397.3,31.05786,-103.53699,24,3,10,-25,129,3,1,2,7,-57,4.01,9477.3,TRUE,TRUE,FALSE,5014.0502
Jun 19 2026 00:25:53.000 UTC,1781846753.0,12369.7,31.05783,-103.53693,26,3,28,-25,132,3,1,1,14,-58,4.04,9449.7,TRUE,TRUE,FALSE,4995.4038
Jun 19 2026 00:25:55.000 UTC,1781846755.0,12315.6,31.05776,-103.53685,22,3,23,-22,124,3,1,1,8,-58,4.03,9395.6,TRUE,TRUE,FALSE,4957.7643
Jun 19 2026 00:25:56.000 UTC,1781846756.0,12282.8,31.05770,-103.53680,26,3,25,-26,158,3,1,1,14,-58,4.03,9362.8,TRUE,TRUE,FALSE,4930.4670
Jun 19 2026 00:25:57.000 UTC,1781846757.0,12252.4,31.05766,-103.53678,23,3,8,-28,134,3,1,2,8,-60,4.03,9332.4,TRUE,TRUE,FALSE,4915.0185
Jun 19 2026 00:25:58.000 UTC,1781846758.0,12221.6,31.05765,-103.53673,23,3,27,-30,109,3,1,1,9,-60,4.03,9301.6,TRUE,TRUE,FALSE,4902.3305
Jun 19 2026 00:25:59.000 UTC,1781846759.0,12190.2,31.05759,-103.53664,24,3,30,-28,146,3,1,0,13,-61,4.029,9270.2,TRUE,TRUE,FALSE,4870.1168
Jun 19 2026 00:26:00.000 UTC,1781846760.0,12155.5,31.05755,-103.53662,26,3,8,-32,159,3,1,2,10,-56,4.029,9235.5,TRUE,TRUE,FALSE,4852.0679
Jun 19 2026 00:26:01.000 UTC,1781846761.0,12124.1,31.05754,-103.53660,26,3,18,-26,83,3,1,2,11,-53,4.035,9204.1,TRUE,TRUE,FALSE,4847.0277
Jun 19 2026 00:26:03.000 UTC,1781846763.0,12049.5,31.05747,-103.53647,26,3,19,-32,159,3,1,2,10,-53,4.034,9129.5,TRUE,TRUE,FALSE,4799.3417
Jun 19 2026 00:26:04.000 UTC,1781846764.0,12014.5,31.05745,-103.53644,26,3,17,-31,92,3,1,3,5,-59,4.034,9094.5,TRUE,TRUE,FALSE,4787.3915
Jun 19 2026 00:26:05.000 UTC,1781846765.0,11980.0,31.05742,-103.53635,28,3,33,-31,128,3,1,2,13,-60,4.039,9060.0,TRUE,TRUE,FALSE,4765.0233
Jun 19 2026 00:26:06.000 UTC,1781846766.0,11943.0,31.05737,-103.53631,27,3,13,-34,154,3,1,1,13,-61,4.039,9023.0,TRUE,TRUE,FALSE,4740.8430
Jun 19 2026 00:26:07.000 UTC,1781846767.0,11911.2,31.05736,-103.53627,27,3,23,-27,109,3,1,3,11,-59,4.035,8991.2,TRUE,TRUE,FALSE,4729.0544
Jun 19 2026 00:26:08.000 UTC,1781846768.0,11878.1,31.05731,-103.53620,23,3,20,-32,144,3,1,2,10,-59,4.035,8958.1,TRUE,TRUE,FALSE,4702.6080
Jun 19 2026 00:26:09.000 UTC,1781846769.0,11842.4,31.05729,-103.53617,22,3,16,-32,97,3,1,2,7,-58,4.035,8922.4,TRUE,TRUE,FALSE,4690.6747
Jun 19 2026 00:26:10.000 UTC,1781846770.0,11809.5,31.05727,-103.53610,27,3,26,-30,126,3,1,1,14,-62,4.04,8889.5,TRUE,TRUE,FALSE,4672.9992
Jun 19 2026 00:26:11.000 UTC,1781846771.0,11775.3,31.05724,-103.53606,22,3,16,-30,108,3,1,2,7,-62,4.04,8855.3,TRUE,TRUE,FALSE,4655.3883
Jun 19 2026 00:26:12.000 UTC,1781846772.0,11740.7,31.05722,-103.53598,26,3,32,-30,122,3,1,3,11,-62,4.037,8820.7,TRUE,TRUE,FALSE,4635.1979
Jun 19 2026 00:26:13.000 UTC,1781846773.0,11703.4,31.05717,-103.53592,25,3,16,-32,139,3,1,1,7,-64,4.037,8783.4,TRUE,TRUE,FALSE,4608.6255
Jun 19 2026 00:26:14.000 UTC,1781846774.0,11669.3,31.05716,-103.53586,24,3,28,-32,103,3,1,2,9,-62,4.03,8749.3,TRUE,TRUE,FALSE,4593.0659
Jun 19 2026 00:26:15.000 UTC,1781846775.0,11634.1,31.05711,-103.53577,23,3,28,-31,143,3,1,2,14,-62,4.03,8714.1,TRUE,TRUE,FALSE,4563.2344
Jun 19 2026 00:26:16.000 UTC,1781846776.0,11600.9,31.05707,-103.53574,24,3,8,-34,144,3,1,2,10,-62,4.04,8680.9,TRUE,TRUE,FALSE,4542.7066
Jun 19 2026 00:26:17.000 UTC,1781846777.0,11570.6,31.05707,-103.53569,23,3,24,-30,91,3,1,2,9,-62,4.04,8650.6,TRUE,TRUE,FALSE,4533.9785
Jun 19 2026 00:26:18.000 UTC,1781846778.0,11536.3,31.05704,-103.53559,26,3,39,-32,117,3,1,3,10,-57,4.04,8616.3,TRUE,TRUE,FALSE,4509.0614
Jun 19 2026 00:26:19.000 UTC,1781846779.0,11502.0,31.05698,-103.53551,27,3,25,-32,143,3,1,3,13,-57,4.04,8582.0,TRUE,TRUE,FALSE,4475.4339
Jun 19 2026 00:26:20.000 UTC,1781846780.0,11467.8,31.05696,-103.53547,27,3,17,-29,93,3,1,2,9,-53,4.04,8547.8,TRUE,TRUE,FALSE,4460.4559
Jun 19 2026 00:26:21.000 UTC,1781846781.0,11435.9,31.05695,-103.53539,25,3,34,-32,114,3,1,3,10,-60,4.028,8515.9,TRUE,TRUE,FALSE,4441.3284
Jun 19 2026 00:26:22.000 UTC,1781846782.0,11398.0,31.05690,-103.53531,26,3,18,-35,146,3,1,3,11,-55,4.028,8478.0,TRUE,TRUE,FALSE,4412.5286
Jun 19 2026 00:26:23.000 UTC,1781846783.0,11366.2,31.05688,-103.53528,24,3,15,-25,88,3,1,1,13,-52,4.038,8446.2,TRUE,TRUE,FALSE,4400.6778
Jun 19 2026 00:26:24.000 UTC,1781846784.0,11340.4,31.05687,-103.53519,25,3,34,-24,122,3,1,5,12,-52,4.038,8420.4,TRUE,TRUE,FALSE,4381.3788
Jun 19 2026 00:26:25.000 UTC,1781846785.0,11308.3,31.05683,-103.53512,24,3,21,-31,108,3,1,2,9,-56,4.033,8388.3,TRUE,TRUE,FALSE,4356.8617
Jun 19 2026 00:26:26.000 UTC,1781846786.0,11280.0,31.05680,-103.53503,26,3,31,-28,127,3,1,1,11,-63,4.033,8360.0,TRUE,TRUE,FALSE,4332.3580
Jun 19 2026 00:26:27.000 UTC,1781846787.0,11248.0,31.05675,-103.53498,24,3,16,-29,134,3,1,1,13,-63,4.036,8328.0,TRUE,TRUE,FALSE,4307.8793
Jun 19 2026 00:26:28.000 UTC,1781846788.0,11215.7,31.05674,-103.53492,25,3,32,-32,103,3,1,1,12,-60,4.036,8295.7,TRUE,TRUE,FALSE,4293.2765
Jun 19 2026 00:26:29.000 UTC,1781846789.0,11180.1,31.05669,-103.53481,27,3,37,-31,136,3,1,1,13,-60,4.039,8260.1,TRUE,TRUE,FALSE,4259.0414
Jun 19 2026 00:26:30.000 UTC,1781846790.0,11146.2,31.05664,-103.53475,25,3,22,-32,110,3,1,2,10,-55,4.039,8226.2,TRUE,TRUE,FALSE,4233.1944
Jun 19 2026 00:26:31.000 UTC,1781846791.0,11112.3,31.05662,-103.53466,26,3,40,-31,107,3,1,2,10,-55,4.009,8192.3,TRUE,TRUE,FALSE,4212.0322
Jun 19 2026 00:26:32.000 UTC,1781846792.0,11076.6,31.05656,-103.53455,24,3,35,-34,140,3,1,1,13,-55,4.009,8156.6,TRUE,TRUE,FALSE,4173.9736
Jun 19 2026 00:26:33.000 UTC,1781846793.0,11039.2,31.05651,-103.53450,26,3,18,-32,113,3,1,2,11,-55,4.009,8119.2,TRUE,TRUE,FALSE,4148.9763
Jun 19 2026 00:26:34.000 UTC,1781846794.0,11004.9,31.05649,-103.53442,24,3,39,-35,108,3,1,2,9,-55,4.037,8084.9,TRUE,TRUE,FALSE,4128.2134
Jun 19 2026 00:26:35.000 UTC,1781846795.0,10966.1,31.05643,-103.53432,28,3,32,-36,139,3,1,1,16,-55,4.037,8046.1,TRUE,TRUE,FALSE,4092.7768
Jun 19 2026 00:26:36.000 UTC,1781846796.0,10930.3,31.05638,-103.53426,26,3,16,-31,114,3,1,2,9,-55,4.036,8010.3,TRUE,TRUE,FALSE,4067.8035
Jun 19 2026 00:26:37.000 UTC,1781846797.0,10895.3,31.05637,-103.53418,27,3,38,-35,99,3,1,1,11,-58,4.036,7975.3,TRUE,TRUE,FALSE,4050.0606
Jun 19 2026 00:26:38.000 UTC,1781846798.0,10858.1,31.05632,-103.53406,28,3,40,-34,129,3,1,3,13,-61,4.024,7938.1,TRUE,TRUE,FALSE,4014.7640
Jun 19 2026 00:26:39.000 UTC,1781846799.0,10821.1,31.05626,-103.53398,26,3,18,-34,122,3,1,2,14,-59,4.024,7901.1,TRUE,TRUE,FALSE,3983.5142
Jun 19 2026 00:26:40.000 UTC,1781846800.0,10785.2,31.05625,-103.53391,27,3,37,-33,94,3,1,1,10,-52,4.033,7865.2,TRUE,TRUE,FALSE,3966.7591
Jun 19 2026 00:26:41.000 UTC,1781846801.0,10748.1,31.05621,-103.53378,28,3,41,-37,126,3,1,3,11,-58,4.033,7828.1,TRUE,TRUE,FALSE,3933.4760
Jun 19 2026 00:26:42.000 UTC,1781846802.0,10712.7,31.05615,-103.53371,27,3,22,-34,124,3,1,3,9,-58,4.033,7792.7,TRUE,TRUE,FALSE,3901.1590
Jun 19 2026 00:26:43.000 UTC,1781846803.0,10678.3,31.05613,-103.53363,24,3,35,-31,92,3,1,3,7,-58,4.013,7758.3,TRUE,TRUE,FALSE,3883.4530
Jun 19 2026 00:26:44.000 UTC,1781846804.0,10646.8,31.05610,-103.53351,28,3,37,-31,124,3,1,2,13,-60,4.013,7726.8,TRUE,TRUE,FALSE,3851.6397
Jun 19 2026 00:26:45.000 UTC,1781846805.0,10614.4,31.05606,-103.53342,25,3,32,-32,101,3,1,2,6,-55,4.034,7694.4,TRUE,TRUE,FALSE,3825.7807
Jun 19 2026 00:26:46.000 UTC,1781846806.0,10581.8,31.05603,-103.53330,27,3,42,-31,117,3,1,3,13,-55,4.034,7661.8,TRUE,TRUE,FALSE,3797.1812
Jun 19 2026 00:26:48.000 UTC,1781846808.0,10514.1,31.05597,-103.53313,25,3,37,-32,98,3,1,2,11,-57,4.037,7594.1,TRUE,TRUE,FALSE,3749.3535
Jun 19 2026 00:26:49.000 UTC,1781846809.0,10478.1,31.05592,-103.53300,28,3,39,-35,129,3,1,3,12,-60,4.036,7558.1,TRUE,TRUE,FALSE,3714.6422
Jun 19 2026 00:26:50.000 UTC,1781846810.0,10440.5,31.05587,-103.53293,24,3,25,-36,107,3,1,2,9,-56,4.036,7520.5,TRUE,TRUE,FALSE,3686.8221
Jun 19 2026 00:26:51.000 UTC,1781846811.0,10406.3,31.05585,-103.53282,28,3,42,-34,112,3,1,3,10,-56,4.019,7486.3,TRUE,TRUE,FALSE,3663.1604
Jun 19 2026 00:26:52.000 UTC,1781846812.0,10370.5,31.05579,-103.53271,25,3,31,-37,138,3,1,1,14,-58,4.019,7450.5,TRUE,TRUE,FALSE,3626.4227
Jun 19 2026 00:26:53.000 UTC,1781846813.0,10336.8,31.05575,-103.53266,23,3,24,-32,97,3,1,2,7,-53,4.019,7416.8,TRUE,TRUE,FALSE,3605.9760
Jun 19 2026 00:26:54.000 UTC,1781846814.0,10304.6,31.05572,-103.53255,26,3,43,-34,117,3,1,3,11,-60,4.037,7384.6,TRUE,TRUE,FALSE,3579.0515
Jun 19 2026 00:26:55.000 UTC,1781846815.0,10269.4,31.05566,-103.53246,27,3,26,-34,136,3,1,1,14,-57,4.037,7349.4,TRUE,TRUE,FALSE,3543.6968
Jun 19 2026 00:26:56.000 UTC,1781846816.0,10234.3,31.05563,-103.53238,27,3,32,-35,96,3,1,3,10,-57,4.031,7314.3,TRUE,TRUE,FALSE,3524.6988
Jun 19 2026 00:26:57.000 UTC,1781846817.0,10198.9,31.05559,-103.53226,27,3,41,-38,124,3,1,3,11,-60,4.031,7278.9,TRUE,TRUE,FALSE,3494.5207
Jun 19 2026 00:26:58.000 UTC,1781846818.0,10159.8,31.05552,-103.53218,28,3,28,-35,148,3,1,3,11,-63,4.027,7239.8,TRUE,TRUE,FALSE,3456.8455
Jun 19 2026 00:26:59.000 UTC,1781846819.0,10126.1,31.05548,-103.53213,27,3,21,-32,96,3,1,2,11,-63,4.027,7206.1,TRUE,TRUE,FALSE,3437.2208
Jun 19 2026 00:27:00.000 UTC,1781846820.0,10094.7,31.05547,-103.53202,26,3,42,-31,103,3,1,3,9,-63,4.04,7174.7,TRUE,TRUE,FALSE,3418.2926
Jun 19 2026 00:27:01.000 UTC,1781846821.0,10062.2,31.05541,-103.53191,27,3,34,-33,133,3,1,0,15,-63,4.04,7142.2,TRUE,TRUE,FALSE,3383.0607
Jun 19 2026 00:27:02.000 UTC,1781846822.0,10027.7,31.05537,-103.53185,28,3,18,-35,104,3,1,2,11,-56,4.034,7107.7,TRUE,TRUE,FALSE,3360.0054
Jun 19 2026 00:27:03.000 UTC,1781846823.0,9994.8,31.05536,-103.53175,26,3,39,-34,105,3,1,3,10,-56,4.034,7074.8,TRUE,TRUE,FALSE,3343.1227
Jun 19 2026 00:27:04.000 UTC,1781846824.0,9960.0,31.05531,-103.53165,28,3,29,-34,133,3,1,0,14,-59,4.012,7040.0,TRUE,TRUE,FALSE,3312.2731
Jun 19 2026 00:27:05.000 UTC,1781846825.0,9925.2,31.05527,-103.53160,26,3,15,-32,99,3,1,2,9,-61,4.012,7005.2,TRUE,TRUE,FALSE,3293.5529
Jun 19 2026 00:27:06.000 UTC,1781846826.0,9892.2,31.05527,-103.53152,28,3,38,-31,96,3,1,3,8,-61,4.012,6972.2,TRUE,TRUE,FALSE,3281.8454
Jun 19 2026 00:27:07.000 UTC,1781846827.0,9858.3,31.05523,-103.53140,28,3,38,-33,129,3,1,3,12,-61,4.037,6938.3,TRUE,TRUE,FALSE,3252.9790
Jun 19 2026 00:27:08.000 UTC,1781846828.0,9824.7,31.05516,-103.53134,26,3,21,-31,150,3,1,1,13,-61,4.037,6904.7,TRUE,TRUE,FALSE,3222.0932
Jun 19 2026 00:27:09.000 UTC,1781846829.0,9794.7,31.05514,-103.53129,26,3,25,-29,96,3,1,3,9,-59,4.037,6874.7,TRUE,TRUE,FALSE,3207.9615
Jun 19 2026 00:27:10.000 UTC,1781846830.0,9763.1,31.05511,-103.53118,28,3,40,-34,121,3,1,2,11,-59,4.037,6843.1,TRUE,TRUE,FALSE,3183.6148
Jun 19 2026 00:27:11.000 UTC,1781846831.0,9731.4,31.05504,-103.53111,26,3,27,-31,144,3,1,1,15,-59,4.035,6811.4,TRUE,TRUE,FALSE,3149.5447
Jun 19 2026 00:27:12.000 UTC,1781846832.0,9698.1,31.05501,-103.53105,27,3,23,-32,97,3,1,2,8,-59,4.035,6778.1,TRUE,TRUE,FALSE,3132.4255
Jun 19 2026 00:27:13.000 UTC,1781846833.0,9667.1,31.05498,-103.53095,28,3,37,-32,124,3,1,3,10,-56,4.034,6747.1,TRUE,TRUE,FALSE,3110.7070
Jun 19 2026 00:27:14.000 UTC,1781846834.0,9635.3,31.05492,-103.53088,26,3,21,-31,147,3,1,1,10,-59,4.034,6715.3,TRUE,TRUE,FALSE,3080.3096
Jun 19 2026 00:27:15.000 UTC,1781846835.0,9606.2,31.05490,-103.53083,27,3,21,-28,93,3,1,2,7,-59,4.034,6686.2,TRUE,TRUE,FALSE,3066.5296
Jun 19 2026 00:27:16.000 UTC,1781846836.0,9577.2,31.05488,-103.53073,28,3,38,-28,113,3,1,3,11,-54,4.034,6657.2,TRUE,TRUE,FALSE,3049.6558
Jun 19 2026 00:27:17.000 UTC,1781846837.0,9545.8,31.05483,-103.53065,27,3,18,-32,135,3,1,2,13,-54,4.034,6625.8,TRUE,TRUE,FALSE,3022.9710
Jun 19 2026 00:27:18.000 UTC,1781846838.0,9515.5,31.05482,-103.53060,26,3,25,-27,84,3,1,2,7,-50,4.034,6595.5,TRUE,TRUE,FALSE,3013.9016
Jun 19 2026 00:27:19.000 UTC,1781846839.0,9485.2,31.05481,-103.53049,27,3,40,-29,111,3,1,2,12,-50,4.034,6565.2,TRUE,TRUE,FALSE,2997.2577
Jun 19 2026 00:27:20.000 UTC,1781846840.0,9455.9,31.05474,-103.53039,28,3,33,-26,141,3,1,2,14,-50,4.04,6535.9,TRUE,TRUE,FALSE,2962.1335
Jun 19 2026 00:27:21.000 UTC,1781846841.0,9427.9,31.05470,-103.53033,27,3,21,-27,99,3,1,2,7,-57,4.04,6507.9,TRUE,TRUE,FALSE,2941.7173
Jun 19 2026 00:27:22.000 UTC,1781846842.0,9400.1,31.05468,-103.53024,28,3,38,-29,116,3,1,4,9,-62,4.033,6480.1,TRUE,TRUE,FALSE,2924.1464
Jun 19 2026 00:27:23.000 UTC,1781846843.0,9370.8,31.05462,-103.53015,28,3,33,-28,144,3,1,1,14,-59,4.033,6450.8,TRUE,TRUE,FALSE,2891.1342
Jun 19 2026 00:27:24.000 UTC,1781846844.0,9342.7,31.05456,-103.53011,28,3,15,-27,125,3,1,2,9,-60,4.046,6422.7,TRUE,TRUE,FALSE,2867.3638
Jun 19 2026 00:27:25.000 UTC,1781846845.0,9313.3,31.05455,-103.53004,28,3,34,-30,99,3,1,1,14,-53,4.046,6393.3,TRUE,TRUE,FALSE,2855.0927
Jun 19 2026 00:27:26.000 UTC,1781846846.0,9281.5,31.05450,-103.52992,26,3,39,-31,131,3,1,2,12,-62,4.046,6361.5,TRUE,TRUE,FALSE,2827.1361
Jun 19 2026 00:27:27.000 UTC,1781846847.0,9251.5,31.05443,-103.52986,26,3,20,-28,144,3,1,2,9,-62,4.037,6331.5,TRUE,TRUE,FALSE,2797.7585
Jun 19 2026 00:27:28.000 UTC,1781846848.0,9223.0,31.05441,-103.52981,26,3,25,-27,93,3,1,3,5,-53,4.037,6303.0,TRUE,TRUE,FALSE,2785.6424
Jun 19 2026 00:27:29.000 UTC,1781846849.0,9193.4,31.05439,-103.52970,26,3,41,-31,116,3,1,2,8,-53,4.036,6273.4,TRUE,TRUE,FALSE,2767.5467
Jun 19 2026 00:27:30.000 UTC,1781846850.0,9161.0,31.05433,-103.52960,26,3,32,-32,143,3,1,0,12,-57,4.036,6241.0,TRUE,TRUE,FALSE,2733.9493
Jun 19 2026 00:27:31.000 UTC,1781846851.0,9128.2,31.05428,-103.52956,25,3,17,-31,109,3,1,2,7,-57,4.036,6208.2,TRUE,TRUE,FALSE,2712.9453
Jun 19 2026 00:27:32.000 UTC,1781846852.0,9097.3,31.05427,-103.52947,28,3,37,-29,98,3,1,1,11,-55,4.036,6177.3,TRUE,TRUE,FALSE,2702.9447
Jun 19 2026 00:27:33.000 UTC,1781846853.0,9066.7,31.05422,-103.52936,27,3,38,-32,132,3,1,3,13,-57,4.042,6146.7,TRUE,TRUE,FALSE,2675.0560
Jun 19 2026 00:27:34.000 UTC,1781846854.0,9036.7,31.05416,-103.52930,24,3,18,-28,126,3,1,0,10,-55,4.042,6116.7,TRUE,TRUE,FALSE,2648.2043
Jun 19 2026 00:27:35.000 UTC,1781846855.0,9011.4,31.05414,-103.52921,27,3,33,-25,110,3,1,1,13,-52,4.012,6091.4,TRUE,TRUE,FALSE,2632.1075
Jun 19 2026 00:27:36.000 UTC,1781846856.0,8986.8,31.05409,-103.52914,25,3,22,-25,116,3,1,0,12,-58,4.012,6066.8,TRUE,TRUE,FALSE,2610.1458
Jun 19 2026 00:27:37.000 UTC,1781846857.0,8960.9,31.05407,-103.52906,28,3,33,-25,106,3,1,2,12,-51,4.012,6040.9,TRUE,TRUE,FALSE,2597.0522
Jun 19 2026 00:27:38.000 UTC,1781846858.0,8933.7,31.05403,-103.52898,28,3,20,-28,131,3,1,1,14,-54,4.039,6013.7,TRUE,TRUE,FALSE,2574.7662
Jun 19 2026 00:27:39.000 UTC,1781846859.0,8906.5,31.05401,-103.52892,28,3,29,-26,97,3,1,1,10,-58,4.039,5986.5,TRUE,TRUE,FALSE,2563.2067
Jun 19 2026 00:27:40.000 UTC,1781846860.0,8878.4,31.05398,-103.52881,28,3,35,-28,127,3,1,2,13,-58,4.043,5958.4,TRUE,TRUE,FALSE,2542.9039
Jun 19 2026 00:27:41.000 UTC,1781846861.0,8846.8,31.05393,-103.52876,26,3,15,-31,123,3,1,0,11,-50,4.043,5926.8,TRUE,TRUE,FALSE,2522.0409
Jun 19 2026 00:27:42.000 UTC,1781846862.0,8815.6,31.05393,-103.52869,27,3,29,-28,91,3,1,1,11,-49,4.031,5895.6,TRUE,TRUE,FALSE,2517.6527
Jun 19 2026 00:27:43.000 UTC,1781846863.0,8782.6,31.05390,-103.52859,27,3,32,-31,129,3,1,2,14,-55,4.031,5862.6,TRUE,TRUE,FALSE,2499.9301
Jun 19 2026 00:27:44.000 UTC,1781846864.0,8750.1,31.05384,-103.52854,26,3,14,-28,138,3,1,1,13,-56,4.039,5830.1,TRUE,TRUE,FALSE,2477.3136
Jun 19 2026 00:27:45.000 UTC,1781846865.0,8720.1,31.05384,-103.52849,27,3,30,-28,92,3,1,1,11,-50,4.039,5800.1,TRUE,TRUE,FALSE,2471.8026
Jun 19 2026 00:27:46.000 UTC,1781846866.0,8688.5,31.05381,-103.52838,28,3,35,-31,127,3,1,2,11,-57,4.039,5768.5,TRUE,TRUE,FALSE,2454.2528
Jun 19 2026 00:27:47.000 UTC,1781846867.0,8655.9,31.05375,-103.52832,28,3,15,-31,133,3,1,0,13,-57,4.015,5735.9,TRUE,TRUE,FALSE,2430.8035
Jun 19 2026 00:27:48.000 UTC,1781846868.0,8625.2,31.05375,-103.52827,27,3,24,-29,76,3,1,2,9,-57,4.015,5705.2,TRUE,TRUE,FALSE,2427.4929
Jun 19 2026 00:27:49.000 UTC,1781846869.0,8596.1,31.05374,-103.52817,28,3,38,-32,110,3,1,2,12,-50,4.037,5676.1,TRUE,TRUE,FALSE,2418.2496
Jun 19 2026 00:27:50.000 UTC,1781846870.0,8564.7,31.05368,-103.52808,28,3,28,-30,141,3,1,2,12,-55,4.037,5644.7,TRUE,TRUE,FALSE,2391.6038
Jun 19 2026 00:27:51.000 UTC,1781846871.0,8535.8,31.05365,-103.52803,24,3,18,-30,93,3,1,2,8,-55,4.038,5615.8,TRUE,TRUE,FALSE,2378.3766
Jun 19 2026 00:27:52.000 UTC,1781846872.0,8507.9,31.05364,-103.52793,27,3,36,-30,106,3,1,2,12,-54,4.038,5587.9,TRUE,TRUE,FALSE,2371.0951
Jun 19 2026 00:27:53.000 UTC,1781846873.0,8476.8,31.05359,-103.52784,28,3,28,-30,141,3,1,1,13,-59,4.037,5556.8,TRUE,TRUE,FALSE,2346.5434
Jun 19 2026 00:27:54.000 UTC,1781846874.0,8447.2,31.05355,-103.52779,27,3,19,-29,92,3,1,1,8,-56,4.037,5527.2,TRUE,TRUE,FALSE,2333.6814
Jun 19 2026 00:27:55.000 UTC,1781846875.0,8417.7,31.05356,-103.52770,28,3,38,-27,98,3,1,1,13,-51,4.015,5497.7,TRUE,TRUE,FALSE,2331.7069
Jun 19 2026 00:27:56.000 UTC,1781846876.0,8389.4,31.05351,-103.52760,27,3,27,-29,132,3,1,1,15,-61,4.015,5469.4,TRUE,TRUE,FALSE,2310.8973
Jun 19 2026 00:27:57.000 UTC,1781846877.0,8360.8,31.05349,-103.52755,27,3,17,-28,83,3,1,2,7,-53,4.015,5440.8,TRUE,TRUE,FALSE,2300.5245
Jun 19 2026 00:27:58.000 UTC,1781846878.0,8335.0,31.05349,-103.52746,27,3,37,-27,97,3,1,1,13,-55,4.037,5415.0,TRUE,TRUE,FALSE,2299.4583
Jun 19 2026 00:27:59.000 UTC,1781846879.0,8307.9,31.05344,-103.52735,27,3,31,-27,132,3,1,1,16,-55,4.037,5387.9,TRUE,TRUE,FALSE,2280.3610
Jun 19 2026 00:28:00.000 UTC,1781846880.0,8278.4,31.05341,-103.52731,24,3,12,-27,94,3,1,1,10,-55,4.038,5358.4,TRUE,TRUE,FALSE,2266.9511
Jun 19 2026 00:28:01.000 UTC,1781846881.0,8252.0,31.05341,-103.52723,27,3,33,-27,101,3,1,1,12,-52,4.038,5332.0,TRUE,TRUE,FALSE,2264.9592
Jun 19 2026 00:28:02.000 UTC,1781846882.0,8223.1,31.05336,-103.52714,24,3,27,-26,134,3,1,0,10,-53,4.041,5303.1,TRUE,TRUE,FALSE,2247.7233
Jun 19 2026 00:28:03.000 UTC,1781846883.0,8196.5,31.05334,-103.52709,25,3,14,-24,91,3,1,2,8,-53,4.041,5276.5,TRUE,TRUE,FALSE,2236.7990
Jun 19 2026 00:28:04.000 UTC,1781846884.0,8169.6,31.05333,-103.52701,28,3,35,-28,98,3,1,1,13,-57,4.039,5249.6,TRUE,TRUE,FALSE,2235.4565
Jun 19 2026 00:28:05.000 UTC,1781846885.0,8140.5,31.05329,-103.52691,24,3,28,-28,130,3,1,1,12,-52,4.039,5220.5,TRUE,TRUE,FALSE,2220.4617
Jun 19 2026 00:28:06.000 UTC,1781846886.0,8115.5,31.05327,-103.52684,25,3,24,-23,96,3,1,2,8,-57,4.039,5195.5,TRUE,TRUE,FALSE,2211.4047
Jun 19 2026 00:28:07.000 UTC,1781846887.0,8088.8,31.05325,-103.52673,26,3,40,-26,116,3,1,2,9,-49,4.034,5168.8,TRUE,TRUE,FALSE,2204.1567
Jun 19 2026 00:28:08.000 UTC,1781846888.0,8062.0,31.05319,-103.52666,27,3,21,-25,130,3,1,1,13,-49,4.034,5142.0,TRUE,TRUE,FALSE,2185.2672
Jun 19 2026 00:28:09.000 UTC,1781846889.0,8036.1,31.05318,-103.52658,27,3,32,-24,89,3,1,2,8,-55,4.034,5116.1,TRUE,TRUE,FALSE,2182.6594
Jun 19 2026 00:28:10.000 UTC,1781846890.0,8014.0,31.05316,-103.52647,27,3,30,-24,121,3,1,0,13,-55,4.034,5094.0,TRUE,TRUE,FALSE,2174.5836
Jun 19 2026 00:28:11.000 UTC,1781846891.0,7992.8,31.05313,-103.52640,28,3,30,-18,101,3,1,1,14,-54,4.031,5072.8,TRUE,TRUE,FALSE,2166.3591
Jun 19 2026 00:28:12.000 UTC,1781846892.0,7972.2,31.05309,-103.52631,27,3,25,-20,124,3,1,1,11,-57,4.031,5052.2,TRUE,TRUE,FALSE,2155.1325
Jun 19 2026 00:28:13.000 UTC,1781846893.0,7953.7,31.05307,-103.52624,27,3,33,-20,110,3,1,0,11,-50,4.029,5033.7,TRUE,TRUE,FALSE,2148.1888
Jun 19 2026 00:28:14.000 UTC,1781846894.0,7929.7,31.05302,-103.52615,24,3,26,-22,136,3,1,1,11,-55,4.029,5009.7,TRUE,TRUE,FALSE,2133.7180
Jun 19 2026 00:28:15.000 UTC,1781846895.0,7905.6,31.05300,-103.52608,25,3,27,-23,95,3,1,2,7,-45,4.038,4985.6,TRUE,TRUE,FALSE,2127.5388
Jun 19 2026 00:28:16.000 UTC,1781846896.0,7881.8,31.05298,-103.52598,26,3,35,-23,122,3,1,1,12,-51,4.038,4961.8,TRUE,TRUE,FALSE,2123.3902
Jun 19 2026 00:28:17.000 UTC,1781846897.0,7855.6,31.05293,-103.52591,25,3,20,-22,107,3,1,2,11,-53,4.038,4935.6,TRUE,TRUE,FALSE,2111.1647
Jun 19 2026 00:28:18.000 UTC,1781846898.0,7830.8,31.05291,-103.52581,27,3,37,-26,114,3,1,2,10,-51,4.04,4910.8,TRUE,TRUE,FALSE,2108.2579
Jun 19 2026 00:28:19.000 UTC,1781846899.0,7802.4,31.05286,-103.52573,26,3,25,-27,131,3,1,2,11,-51,4.04,4882.4,TRUE,TRUE,FALSE,2092.6586
Jun 19 2026 00:28:20.000 UTC,1781846900.0,7777.0,31.05284,-103.52567,27,3,22,-25,90,3,1,2,10,-51,4.038,4857.0,TRUE,TRUE,FALSE,2088.4843
Jun 19 2026 00:28:21.000 UTC,1781846901.0,7752.1,31.05283,-103.52556,27,3,41,-28,104,3,1,1,12,-49,4.038,4832.1,TRUE,TRUE,FALSE,2092.0630
Jun 19 2026 00:28:22.000 UTC,1781846902.0,7725.4,31.05277,-103.52544,28,3,35,-26,135,3,1,2,14,-61,4.023,4805.4,TRUE,TRUE,FALSE,2078.3092
Jun 19 2026 00:28:24.000 UTC,1781846904.0,7672.8,31.05272,-103.52529,28,3,39,-26,94,3,1,3,11,-61,4.025,4752.8,TRUE,TRUE,FALSE,2072.1945
Jun 19 2026 00:28:25.000 UTC,1781846905.0,7643.1,31.05268,-103.52517,27,3,37,-30,128,3,1,3,13,-56,4.025,4723.1,TRUE,TRUE,FALSE,2066.8430
Jun 19 2026 00:28:26.000 UTC,1781846906.0,7613.4,31.05263,-103.52511,27,3,17,-28,117,3,1,2,13,-49,4.011,4693.4,TRUE,TRUE,FALSE,2053.0618
Jun 19 2026 00:28:27.000 UTC,1781846907.0,7587.4,31.05262,-103.52502,27,3,38,-25,98,3,1,1,10,-49,4.011,4667.4,TRUE,TRUE,FALSE,2056.9413
Jun 19 2026 00:28:28.000 UTC,1781846908.0,7558.8,31.05257,-103.52490,27,3,43,-29,128,3,1,3,10,-49,4.011,4638.8,TRUE,TRUE,FALSE,2052.0621
Jun 19 2026 00:28:29.000 UTC,1781846909.0,7531.5,31.05249,-103.52483,26,3,26,-25,143,3,1,2,11,-61,4.031,4611.5,TRUE,TRUE,FALSE,2032.2419
Jun 19 2026 00:28:30.000 UTC,1781846910.0,7504.6,31.05246,-103.52477,26,3,22,-27,90,3,1,2,8,-56,4.031,4584.6,TRUE,TRUE,FALSE,2027.8025
Jun 19 2026 00:28:31.000 UTC,1781846911.0,7478.4,31.05246,-103.52467,28,3,39,-28,106,3,1,3,8,-56,4.039,4558.4,TRUE,TRUE,FALSE,2036.1474
Jun 19 2026 00:28:32.000 UTC,1781846912.0,7449.8,31.05240,-103.52457,27,3,27,-26,134,3,1,1,14,-59,4.039,4529.8,TRUE,TRUE,FALSE,2027.9963
Jun 19 2026 00:28:33.000 UTC,1781846913.0,7422.9,31.05237,-103.52448,26,3,32,-27,97,3,1,2,9,-49,4.042,4502.9,TRUE,TRUE,FALSE,2027.7775
Jun 19 2026 00:28:34.000 UTC,1781846914.0,7396.3,31.05234,-103.52437,28,3,37,-25,124,3,1,2,12,-53,4.042,4476.3,TRUE,TRUE,FALSE,2029.0484
Jun 19 2026 00:28:35.000 UTC,1781846915.0,7368.4,31.05230,-103.52428,23,3,24,-28,99,3,1,2,7,-53,4.036,4448.4,TRUE,TRUE,FALSE,2026.5619
Jun 19 2026 00:28:36.000 UTC,1781846916.0,7342.6,31.05229,-103.52418,25,3,38,-26,107,3,1,2,9,-48,4.036,4422.6,TRUE,TRUE,FALSE,2035.7167
Jun 19 2026 00:28:37.000 UTC,1781846917.0,7320.8,31.05225,-103.52409,27,3,26,-22,109,3,1,1,10,-50,4.036,4400.8,TRUE,TRUE,FALSE,2034.5305
Jun 19 2026 00:28:38.000 UTC,1781846918.0,7298.6,31.05221,-103.52398,26,3,38,-27,115,3,1,1,11,-45,4.036,4378.6,TRUE,TRUE,FALSE,2038.4680
Jun 19 2026 00:28:39.000 UTC,1781846919.0,7271.0,31.05215,-103.52389,25,3,30,-28,138,3,1,1,11,-45,4.036,4351.0,TRUE,TRUE,FALSE,2031.5392
Jun 19 2026 00:28:40.000 UTC,1781846920.0,7240.2,31.05211,-103.52385,27,3,12,-30,126,3,1,1,10,-48,4.024,4320.2,TRUE,TRUE,FALSE,2023.4987
Jun 19 2026 00:28:41.000 UTC,1781846921.0,7210.3,31.05211,-103.52380,28,3,22,-26,78,3,1,2,9,-46,4.024,4290.3,TRUE,TRUE,FALSE,2030.8509
Jun 19 2026 00:28:42.000 UTC,1781846922.0,7181.3,31.05211,-103.52370,26,3,40,-31,106,3,1,2,10,-46,4.037,4261.3,TRUE,TRUE,FALSE,2045.0463
Jun 19 2026 00:28:43.000 UTC,1781846923.0,7150.9,31.05205,-103.52360,28,3,30,-30,137,3,1,0,13,-46,4.037,4230.9,TRUE,TRUE,FALSE,2043.4152
Jun 19 2026 00:28:44.000 UTC,1781846924.0,7120.5,31.05201,-103.52355,27,3,13,-26,112,3,1,1,8,-46,4.034,4200.5,TRUE,TRUE,FALSE,2038.0422
Jun 19 2026 00:28:45.000 UTC,1781846925.0,7094.5,31.05201,-103.52348,27,3,30,-25,91,3,1,3,9,-46,4.034,4174.5,TRUE,TRUE,FALSE,2047.8920
Jun 19 2026 00:28:46.000 UTC,1781846926.0,7066.0,31.05199,-103.52337,28,3,40,-30,119,3,1,2,10,-50,4.032,4146.0,TRUE,TRUE,FALSE,2059.5905
Jun 19 2026 00:28:47.000 UTC,1781846927.0,7034.4,31.05192,-103.52329,27,3,30,-30,151,3,1,1,15,-56,4.032,4114.4,TRUE,TRUE,FALSE,2050.7682
Jun 19 2026 00:28:48.000 UTC,1781846928.0,7004.6,31.05187,-103.52325,26,3,12,-27,122,3,1,2,6,-56,4.013,4084.6,TRUE,TRUE,FALSE,2042.7992
Jun 19 2026 00:28:49.000 UTC,1781846929.0,6977.4,31.05186,-103.52319,27,3,31,-27,97,3,1,1,12,-52,4.013,4057.4,TRUE,TRUE,FALSE,2053.0602
Jun 19 2026 00:28:50.000 UTC,1781846930.0,6950.7,31.05182,-103.52309,27,3,30,-26,137,3,1,2,10,-56,4.013,4030.7,TRUE,TRUE,FALSE,2056.1724
Jun 19 2026 00:28:51.000 UTC,1781846931.0,6920.2,31.05177,-103.52305,27,3,11,-28,127,3,1,2,10,-56,4.036,4000.2,TRUE,TRUE,FALSE,2051.4122
Jun 19 2026 00:28:52.000 UTC,1781846932.0,6893.0,31.05177,-103.52300,28,3,26,-24,90,3,1,2,8,-47,4.036,3973.0,TRUE,TRUE,FALSE,2059.8031
Jun 19 2026 00:28:53.000 UTC,1781846933.0,6864.2,31.05175,-103.52290,27,3,37,-28,122,3,1,2,11,-54,4.032,3944.2,TRUE,TRUE,FALSE,2072.3864
Jun 19 2026 00:28:54.000 UTC,1781846934.0,6835.1,31.05169,-103.52283,28,3,24,-27,153,3,1,2,14,-53,4.032,3915.1,TRUE,TRUE,FALSE,2066.5944
Jun 19 2026 00:28:55.000 UTC,1781846935.0,6806.4,31.05166,-103.52279,27,3,20,-27,96,3,1,1,11,-49,4.034,3886.4,TRUE,TRUE,FALSE,2065.7111
Jun 19 2026 00:28:56.000 UTC,1781846936.0,6776.8,31.05163,-103.52271,28,3,31,-28,129,3,1,2,12,-49,4.034,3856.8,TRUE,TRUE,FALSE,2075.0118
Jun 19 2026 00:28:57.000 UTC,1781846937.0,6747.6,31.05157,-103.52266,28,3,19,-24,161,3,1,3,8,-51,4.041,3827.6,TRUE,TRUE,FALSE,2066.8340
Jun 19 2026 00:28:58.000 UTC,1781846938.0,6723.5,31.05155,-103.52261,28,3,24,-26,103,3,1,0,12,-52,4.041,3803.5,TRUE,TRUE,FALSE,2069.0690
Jun 19 2026 00:28:59.000 UTC,1781846939.0,6695.2,31.05150,-103.52252,28,3,38,-27,134,1,1,2,12,-49,4.04,3775.2,TRUE,TRUE,FALSE,2076.0495
Jun 19 2026 00:29:00.000 UTC,1781846940.0,6669.2,31.05144,-103.52245,27,3,21,-30,129,1,1,0,11,-51,4.04,3749.2,TRUE,TRUE,FALSE,2072.5085
Jun 19 2026 00:29:01.000 UTC,1781846941.0,6641.5,31.05141,-103.52238,26,3,34,-29,107,1,1,1,12,-48,4.04,3721.5,TRUE,TRUE,FALSE,2081.8343
Jun 19 2026 00:29:02.000 UTC,1781846942.0,6611.4,31.05136,-103.52227,28,3,42,-30,136,1,1,2,13,-52,4.043,3691.4,TRUE,TRUE,FALSE,2089.3819
Jun 19 2026 00:29:03.000 UTC,1781846943.0,6581.6,31.05128,-103.52221,28,3,22,-30,150,1,1,1,11,-53,4.043,3661.6,TRUE,TRUE,FALSE,2082.6290
Jun 19 2026 00:29:04.000 UTC,1781846944.0,6553.2,31.05125,-103.52216,28,3,29,-25,105,1,1,1,11,-53,4.028,3633.2,TRUE,TRUE,FALSE,2087.4689
Jun 19 2026 00:29:05.000 UTC,1781846945.0,6525.0,31.05120,-103.52206,28,3,40,-31,137,1,1,3,11,-52,4.028,3605.0,TRUE,TRUE,FALSE,2094.2169
Jun 19 2026 00:29:06.000 UTC,1781846946.0,6496.2,31.05112,-103.52201,27,3,21,-28,149,1,1,1,9,-58,4.028,3576.2,TRUE,TRUE,FALSE,2087.0902
Jun 19 2026 00:29:07.000 UTC,1781846947.0,6467.0,31.05110,-103.52197,25,3,21,-27,98,1,1,2,6,-58,4.028,3547.0,TRUE,TRUE,FALSE,2090.9274
Jun 19 2026 00:29:08.000 UTC,1781846948.0,6439.6,31.05108,-103.52187,26,3,39,-28,107,1,1,1,12,-58,4.032,3519.6,TRUE,TRUE,FALSE,2110.5610
Jun 19 2026 00:29:09.000 UTC,1781846949.0,6409.8,31.05102,-103.52175,27,3,41,-32,138,1,1,1,12,-59,4.032,3489.8,TRUE,TRUE,FALSE,2122.1472
Jun 19 2026 00:29:10.000 UTC,1781846950.0,6378.9,31.05095,-103.52170,25,3,20,-33,142,1,1,1,10,-55,4.012,3458.9,TRUE,TRUE,FALSE,2117.6473
Jun 19 2026 00:29:11.000 UTC,1781846951.0,6348.4,31.05093,-103.52163,26,3,31,-28,105,1,1,3,7,-55,4.012,3428.4,TRUE,TRUE,FALSE,2128.7899
Jun 19 2026 00:29:12.000 UTC,1781846952.0,6317.5,31.05087,-103.52152,26,3,43,-30,131,1,1,3,9,-49,4.012,3397.5,TRUE,TRUE,FALSE,2142.8732
Jun 19 2026 00:29:13.000 UTC,1781846953.0,6288.1,31.05079,-103.52145,26,3,30,-27,157,1,1,1,15,-53,4.032,3368.1,TRUE,TRUE,FALSE,2141.9053
Jun 19 2026 00:29:14.000 UTC,1781846954.0,6258.6,31.05074,-103.52141,26,3,18,-30,109,1,1,2,10,-49,4.032,3338.6,TRUE,TRUE,FALSE,2141.7008
Jun 19 2026 00:29:15.000 UTC,1781846955.0,6228.6,31.05072,-103.52132,27,3,38,-30,113,1,1,3,11,-49,4.037,3308.6,TRUE,TRUE,FALSE,2159.6785
Jun 19 2026 00:29:16.000 UTC,1781846956.0,6198.3,31.05065,-103.52122,26,3,36,-31,147,1,1,2,14,-50,4.037,3278.3,TRUE,TRUE,FALSE,2168.1924
Jun 19 2026 00:29:17.000 UTC,1781846957.0,6166.6,31.05058,-103.52119,26,3,14,-28,147,1,1,2,11,-50,4.037,3246.6,TRUE,TRUE,FALSE,2163.9700
Jun 19 2026 00:29:18.000 UTC,1781846958.0,6136.2,31.05056,-103.52112,28,3,33,-32,108,1,1,1,12,-51,4.037,3216.2,TRUE,TRUE,FALSE,2176.9658
Jun 19 2026 00:29:19.000 UTC,1781846959.0,6102.5,31.05051,-103.52101,28,3,40,-32,137,1,1,2,13,-52,4.028,3182.5,TRUE,TRUE,FALSE,2193.5548
Jun 19 2026 00:29:20.000 UTC,1781846960.0,6070.5,31.05043,-103.52096,28,3,22,-32,152,1,1,0,11,-54,4.028,3150.5,TRUE,TRUE,FALSE,2192.8664
Jun 19 2026 00:29:21.000 UTC,1781846961.0,6039.0,31.05041,-103.52091,27,3,26,-28,104,1,1,2,9,-55,4.028,3119.0,TRUE,TRUE,FALSE,2199.7875
Jun 19 2026 00:29:22.000 UTC,1781846962.0,6005.2,31.05036,-103.52081,27,3,42,-34,131,1,1,3,8,-57,4.006,3085.2,TRUE,TRUE,FALSE,2217.0961
Jun 19 2026 00:29:23.000 UTC,1781846963.0,5971.7,31.05027,-103.52074,27,3,33,-31,156,1,1,2,10,-57,4.006,3051.7,TRUE,TRUE,FALSE,2220.9261
Jun 19 2026 00:29:24.000 UTC,1781846964.0,5940.9,31.05021,-103.52070,28,3,18,-31,120,1,1,2,9,-49,4.029,3020.9,TRUE,TRUE,FALSE,2221.2237
Jun 19 2026 00:29:25.000 UTC,1781846965.0,5909.1,31.05019,-103.52061,27,3,39,-30,115,1,1,2,12,-48,4.029,2989.1,TRUE,TRUE,FALSE,2241.7868
Jun 19 2026 00:29:26.000 UTC,1781846966.0,5876.8,31.05012,-103.52052,27,3,31,-33,146,1,1,1,13,-57,4.029,2956.8,TRUE,TRUE,FALSE,2252.8715
Jun 19 2026 00:29:27.000 UTC,1781846967.0,5844.5,31.05007,-103.52047,27,3,19,-30,110,1,1,2,11,-57,4.029,2924.5,TRUE,TRUE,FALSE,2259.8496
Jun 19 2026 00:29:28.000 UTC,1781846968.0,5814.0,31.05005,-103.52038,28,3,40,-32,114,1,1,1,14,-57,4.031,2894.0,TRUE,TRUE,FALSE,2281.4821
Jun 19 2026 00:29:29.000 UTC,1781846969.0,5780.8,31.04998,-103.52028,28,3,37,-33,146,1,1,2,14,-51,4.031,2860.8,TRUE,TRUE,FALSE,2297.7237
Jun 19 2026 00:29:30.000 UTC,1781846970.0,5747.9,31.04992,-103.52023,27,3,17,-32,132,1,1,2,8,-51,4.026,2827.9,TRUE,TRUE,FALSE,2300.6371
Jun 19 2026 00:29:31.000 UTC,1781846971.0,5717.0,31.04989,-103.52016,26,3,33,-30,102,1,1,0,9,-51,4.026,2797.0,TRUE,TRUE,FALSE,2316.5157
Jun 19 2026 00:29:32.000 UTC,1781846972.0,5687.0,31.04984,-103.52005,27,3,42,-30,135,1,1,3,13,-51,4.026,2767.0,TRUE,TRUE,FALSE,2340.9551
Jun 19 2026 00:29:33.000 UTC,1781846973.0,5652.3,31.04977,-103.51998,28,3,22,-33,145,1,1,2,12,-52,4.032,2732.3,TRUE,TRUE,FALSE,2349.9332
Jun 19 2026 00:29:34.000 UTC,1781846974.0,5620.8,31.04974,-103.51992,27,3,30,-30,103,1,1,2,9,-48,4.032,2700.8,TRUE,TRUE,FALSE,2363.9187
Jun 19 2026 00:29:35.000 UTC,1781846975.0,5588.0,31.04970,-103.51981,27,3,38,-33,133,1,1,2,12,-51,4.039,2668.0,TRUE,TRUE,FALSE,2388.3153
Jun 19 2026 00:29:36.000 UTC,1781846976.0,5555.1,31.04962,-103.51975,27,3,23,-29,146,1,1,1,11,-57,4.039,2635.1,TRUE,TRUE,FALSE,2395.8798
Jun 19 2026 00:29:37.000 UTC,1781846977.0,5523.5,31.04959,-103.51968,27,3,30,-31,103,1,1,2,8,-53,4.031,2603.5,TRUE,TRUE,FALSE,2411.8374
Jun 19 2026 00:29:38.000 UTC,1781846978.0,5491.8,31.04955,-103.51956,27,3,47,-32,120,1,1,3,9,-53,4.031,2571.8,TRUE,TRUE,FALSE,2442.5945
Jun 19 2026 00:29:39.000 UTC,1781846979.0,5459.2,31.04947,-103.51945,27,3,37,-31,143,1,1,1,14,-53,4.035,2539.2,TRUE,TRUE,FALSE,2463.2702
Jun 19 2026 00:29:40.000 UTC,1781846980.0,5427.9,31.04941,-103.51939,27,3,28,-29,106,1,1,1,10,-53,4.035,2507.9,TRUE,TRUE,FALSE,2474.6442
Jun 19 2026 00:29:41.000 UTC,1781846981.0,5396.3,31.04938,-103.51927,27,3,45,-31,112,1,1,1,11,-47,4.006,2476.3,TRUE,TRUE,FALSE,2507.2564
Jun 19 2026 00:29:42.000 UTC,1781846982.0,5365.1,31.04932,-103.51917,27,3,28,-32,130,1,1,1,14,-55,4.006,2445.1,TRUE,TRUE,FALSE,2532.1190
Jun 19 2026 00:29:43.000 UTC,1781846983.0,5332.6,31.04930,-103.51910,27,3,26,-31,82,1,1,2,11,-55,4.006,2412.6,TRUE,TRUE,FALSE,2550.5018
Jun 19 2026 00:29:44.000 UTC,1781846984.0,5301.3,31.04931,-103.51898,28,3,44,-29,90,1,1,0,9,-45,4.035,2381.3,TRUE,TRUE,FALSE,2585.9290
Jun 19 2026 00:29:45.000 UTC,1781846985.0,5269.2,31.04928,-103.51884,28,3,43,-32,119,1,1,4,11,-48,4.035,2349.2,TRUE,TRUE,FALSE,2623.5606
Jun 19 2026 00:29:46.000 UTC,1781846986.0,5234.8,31.04923,-103.51875,28,3,22,-34,122,1,1,1,9,-49,4.027,2314.8,TRUE,TRUE,FALSE,2645.7089
Jun 19 2026 00:29:47.000 UTC,1781846987.0,5200.4,31.04922,-103.51869,28,3,29,-30,78,1,1,2,7,-46,4.027,2280.4,TRUE,TRUE,FALSE,2663.4798
Jun 19 2026 00:29:48.000 UTC,1781846988.0,5167.7,31.04922,-103.51857,28,3,41,-34,108,1,1,4,9,-47,4.036,2247.7,TRUE,TRUE,FALSE,2699.6469
Jun 19 2026 00:29:49.000 UTC,1781846989.0,5133.4,31.04917,-103.51846,27,3,28,-32,129,1,1,1,11,-50,4.036,2213.4,TRUE,TRUE,FALSE,2726.6650
Jun 19 2026 00:29:50.000 UTC,1781846990.0,5101.5,31.04914,-103.51840,23,3,27,-31,88,1,1,0,7,-46,4.029,2181.5,TRUE,TRUE,FALSE,2743.1230
Jun 19 2026 00:29:51.000 UTC,1781846991.0,5072.0,31.04915,-103.51829,27,3,44,-27,94,1,1,0,7,-46,4.029,2152.0,TRUE,TRUE,FALSE,2778.2741
Jun 19 2026 00:29:52.000 UTC,1781846992.0,5038.9,31.04911,-103.51817,27,3,37,-36,122,1,1,0,9,-51,4.03,2118.9,TRUE,TRUE,FALSE,2811.9315
Jun 19 2026 00:29:53.000 UTC,1781846993.0,5004.8,31.04907,-103.51809,27,3,20,-34,112,1,1,0,10,-52,4.03,2084.8,TRUE,TRUE,FALSE,2831.1913
Jun 19 2026 00:29:54.000 UTC,1781846994.0,4973.6,31.04907,-103.51801,26,3,36,-29,87,1,1,0,8,-45,4.003,2053.6,TRUE,TRUE,FALSE,2856.6933
Jun 19 2026 00:29:55.000 UTC,1781846995.0,4942.8,31.04906,-103.51788,27,3,44,-32,114,1,1,0,11,-52,4.003,2022.8,TRUE,TRUE,FALSE,2894.8325
Jun 19 2026 00:29:56.000 UTC,1781846996.0,4910.7,31.04900,-103.51778,27,3,24,-33,130,1,1,1,11,-52,4.003,1990.7,TRUE,TRUE,FALSE,2918.1211
Jun 19 2026 00:29:57.000 UTC,1781846997.0,4878.3,31.04898,-103.51772,24,3,24,-30,82,1,1,2,9,-51,4.046,1958.3,TRUE,TRUE,FALSE,2935.5060
Jun 19 2026 00:29:58.000 UTC,1781846998.0,4848.3,31.04899,-103.51761,27,3,43,-32,100,1,1,1,15,-56,4.046,1928.3,TRUE,TRUE,FALSE,2970.5966
Jun 19 2026 00:29:59.000 UTC,1781846999.0,4815.8,31.04894,-103.51748,28,3,42,-32,127,1,1,2,11,-56,4.036,1895.8,TRUE,TRUE,FALSE,3006.5196
Jun 19 2026 00:30:00.000 UTC,1781847000.0,4785.1,31.04888,-103.51740,27,3,21,-31,125,1,1,2,13,-56,4.036,1865.1,TRUE,TRUE,FALSE,3025.1699
Jun 19 2026 00:30:01.000 UTC,1781847001.0,4754.6,31.04887,-103.51733,27,3,32,-31,87,1,1,2,7,-46,4.036,1834.6,TRUE,TRUE,FALSE,3047.8688
Jun 19 2026 00:30:02.000 UTC,1781847002.0,4722.7,31.04885,-103.51720,27,3,45,-32,111,1,1,2,11,-47,4.036,1802.7,TRUE,TRUE,FALSE,3086.4391
Jun 19 2026 00:30:03.000 UTC,1781847003.0,4691.8,31.04879,-103.51709,28,3,29,-30,134,1,1,1,13,-50,4.04,1771.8,TRUE,TRUE,FALSE,3114.9157
Jun 19 2026 00:30:04.000 UTC,1781847004.0,4658.1,31.04876,-103.51702,27,3,25,-35,88,1,1,2,7,-50,4.04,1738.1,TRUE,TRUE,FALSE,3134.2638
Jun 19 2026 00:30:05.000 UTC,1781847005.0,4625.6,31.04877,-103.51691,28,3,42,-28,84,1,1,2,8,-45,4.04,1705.6,TRUE,TRUE,FALSE,3170.4903
Jun 19 2026 00:30:06.000 UTC,1781847006.0,4595.0,31.04875,-103.51677,28,3,40,-32,118,1,1,1,13,-45,4.031,1675.0,TRUE,TRUE,FALSE,3211.4185
Jun 19 2026 00:30:07.000 UTC,1781847007.0,4563.2,31.04871,-103.51669,26,3,18,-31,122,1,1,2,15,-45,4.031,1643.2,TRUE,TRUE,FALSE,3231.9425
Jun 19 2026 00:30:08.000 UTC,1781847008.0,4533.8,31.04871,-103.51662,25,3,30,-29,78,1,1,2,10,-45,4.023,1613.8,TRUE,TRUE,FALSE,3253.1218
Jun 19 2026 00:30:09.000 UTC,1781847009.0,4506.1,31.04871,-103.51650,27,3,41,-29,105,1,1,3,11,-49,4.023,1586.1,TRUE,TRUE,FALSE,3290.7837
Jun 19 2026 00:30:10.000 UTC,1781847010.0,4473.5,31.04866,-103.51641,29,3,24,-31,128,1,1,1,13,-53,4.027,1553.5,TRUE,TRUE,FALSE,3316.3342
Jun 19 2026 00:30:11.000 UTC,1781847011.0,4442.6,31.04865,-103.51634,27,3,26,-29,86,1,1,2,9,-50,4.027,1522.6,TRUE,TRUE,FALSE,3336.6692
Jun 19 2026 00:30:12.000 UTC,1781847012.0,4410.6,31.04864,-103.51623,28,3,42,-32,105,1,1,2,13,-50,4.029,1490.6,TRUE,TRUE,FALSE,3371.6093
Jun 19 2026 00:30:13.000 UTC,1781847013.0,4379.0,31.04859,-103.51612,27,3,25,-31,131,1,1,0,14,-53,4.029,1459.0,TRUE,TRUE,FALSE,3401.9162
Jun 19 2026 00:30:14.000 UTC,1781847014.0,4347.5,31.04857,-103.51606,27,3,25,-29,85,1,1,2,8,-54,4.01,1427.5,TRUE,TRUE,FALSE,3419.8923
Jun 19 2026 00:30:15.000 UTC,1781847015.0,4317.5,31.04856,-103.51595,29,3,37,-32,110,1,1,3,8,-54,4.01,1397.5,TRUE,TRUE,FALSE,3452.4661
Jun 19 2026 00:30:16.000 UTC,1781847016.0,4287.8,31.04852,-103.51587,27,3,19,-28,114,1,1,1,11,-54,4.01,1367.8,TRUE,TRUE,FALSE,3476.1343
Jun 19 2026 00:30:18.000 UTC,1781847018.0,4229.0,31.04850,-103.51569,28,3,39,-30,108,1,1,3,10,-53,4.037,1309.0,TRUE,TRUE,FALSE,3529.9725
Jun 19 2026 00:30:19.000 UTC,1781847019.0,4198.6,31.04846,-103.51561,26,3,20,-31,122,1,1,1,12,-53,4.029,1278.6,TRUE,TRUE,FALSE,3553.8226
Jun 19 2026 00:30:20.000 UTC,1781847020.0,4167.3,31.04845,-103.51555,27,3,24,-29,79,1,1,2,10,-53,4.029,1247.3,TRUE,TRUE,FALSE,3572.4112
Jun 19 2026 00:30:21.000 UTC,1781847021.0,4137.8,31.04845,-103.51544,26,3,38,-31,106,1,1,3,10,-51,4.028,1217.8,TRUE,TRUE,FALSE,3605.3925
Jun 19 2026 00:30:22.000 UTC,1781847022.0,4102.9,31.04840,-103.51535,27,3,26,-31,136,1,1,2,11,-48,4.028,1182.9,TRUE,TRUE,FALSE,3631.5346
Jun 19 2026 00:30:23.000 UTC,1781847023.0,4071.1,31.04837,-103.51529,29,3,23,-34,90,1,1,2,8,-43,4.024,1151.1,TRUE,TRUE,FALSE,3649.4389
Jun 19 2026 00:30:24.000 UTC,1781847024.0,4040.8,31.04837,-103.51517,29,3,41,-30,97,1,1,1,12,-43,4.024,1120.8,TRUE,TRUE,FALSE,3685.0889
Jun 19 2026 00:30:25.000 UTC,1781847025.0,4009.4,31.04834,-103.51506,27,3,35,-31,123,1,1,2,12,-49,4.024,1089.4,TRUE,TRUE,FALSE,3719.1814
Jun 19 2026 00:30:26.000 UTC,1781847026.0,3978.2,31.04830,-103.51499,28,3,20,-32,93,1,1,2,10,-49,4.036,1058.2,TRUE,TRUE,FALSE,3739.1836
Jun 19 2026 00:30:27.000 UTC,1781847027.0,3946.8,31.04832,-103.51490,28,3,40,-29,80,1,1,3,8,-49,4.036,1026.8,TRUE,TRUE,FALSE,3768.3355
Jun 19 2026 00:30:28.000 UTC,1781847028.0,3916.3,31.04831,-103.51476,29,3,43,-30,110,1,1,2,14,-49,4.046,996.3,TRUE,TRUE,FALSE,3812.9952
Jun 19 2026 00:30:29.000 UTC,1781847029.0,3885.3,31.04827,-103.51466,26,3,20,-32,107,1,1,1,13,-45,4.046,965.3,TRUE,TRUE,FALSE,3840.0624
Jun 19 2026 00:30:30.000 UTC,1781847030.0,3854.7,31.04828,-103.51459,28,3,35,-27,76,1,1,3,7,-43,4.038,934.7,TRUE,TRUE,FALSE,3864.2340
Jun 19 2026 00:30:31.000 UTC,1781847031.0,3825.0,31.04827,-103.51446,27,3,41,-27,110,1,1,0,15,-43,4.038,905.0,TRUE,TRUE,FALSE,3904.4043
Jun 19 2026 00:30:32.000 UTC,1781847032.0,3795.6,31.04823,-103.51437,27,3,19,-30,125,1,1,1,12,-43,4.033,875.6,TRUE,TRUE,FALSE,3929.0540
Jun 19 2026 00:30:33.000 UTC,1781847033.0,3766.7,31.04823,-103.51431,25,3,27,-26,80,1,1,2,8,-48,4.033,846.7,TRUE,TRUE,FALSE,3948.0007
Jun 19 2026 00:30:34.000 UTC,1781847034.0,3737.9,31.04823,-103.51421,28,3,40,-27,105,1,1,2,12,-52,4.034,817.9,TRUE,TRUE,FALSE,3981.2749
Jun 19 2026 00:30:35.000 UTC,1781847035.0,3708.2,31.04819,-103.51411,29,3,23,-30,131,1,1,0,12,-52,4.034,788.2,TRUE,TRUE,FALSE,4008.4071
Jun 19 2026 00:30:36.000 UTC,1781847036.0,3679.5,31.04818,-103.51405,28,3,23,-27,81,1,1,1,10,-50,4.034,759.5,TRUE,TRUE,FALSE,4027.0016
Jun 19 2026 00:30:37.000 UTC,1781847037.0,3651.8,31.04817,-103.51395,28,3,36,-29,107,1,1,1,11,-54,4.033,731.8,TRUE,TRUE,FALSE,4060.1762
Jun 19 2026 00:30:38.000 UTC,1781847038.0,3621.9,31.04813,-103.51386,26,3,22,-30,111,1,1,1,11,-65,4.033,701.9,TRUE,TRUE,FALSE,4085.1124
Jun 19 2026 00:30:39.000 UTC,1781847039.0,3589.4,31.04814,-103.51378,28,3,33,-33,74,1,1,2,6,-55,4.026,669.4,TRUE,TRUE,FALSE,4111.3978
Jun 19 2026 00:30:40.000 UTC,1781847040.0,3557.7,31.04814,-103.51365,28,3,43,-31,100,1,1,2,9,-58,4.026,637.7,TRUE,TRUE,FALSE,4152.0157
Jun 19 2026 00:30:41.000 UTC,1781847041.0,3524.0,31.04810,-103.51354,28,3,26,-34,120,1,1,1,13,-52,4.039,604.0,TRUE,TRUE,FALSE,4184.2222
Jun 19 2026 00:30:42.000 UTC,1781847042.0,3491.3,31.04809,-103.51348,28,3,25,-33,75,1,1,2,9,-49,4.039,571.3,TRUE,TRUE,FALSE,4202.9951
Jun 19 2026 00:30:43.000 UTC,1781847043.0,3457.9,31.04810,-103.51337,29,3,40,-33,99,1,1,4,10,-49,4.034,537.9,TRUE,TRUE,FALSE,4238.9651
Jun 19 2026 00:30:44.000 UTC,1781847044.0,3426.4,31.04807,-103.51328,29,3,20,-33,125,1,1,1,16,-49,4.034,506.4,TRUE,TRUE,FALSE,4266.4908
Jun 19 2026 00:30:45.000 UTC,1781847045.0,3394.5,31.04806,-103.51323,27,3,19,-30,65,1,1,2,10,-51,4.006,474.5,TRUE,TRUE,FALSE,4280.5748
Jun 19 2026 00:30:46.000 UTC,1781847046.0,3366.2,31.04808,-103.51314,28,3,38,-30,84,1,1,1,13,-46,4.006,446.2,TRUE,TRUE,FALSE,4309.8045
Jun 19 2026 00:30:47.000 UTC,1781847047.0,3337.0,31.04807,-103.51302,26,3,31,-30,116,1,1,2,14,-46,4.006,417.0,TRUE,TRUE,FALSE,4345.0639
Jun 19 2026 00:30:48.000 UTC,1781847048.0,3309.9,31.04804,-103.51296,27,3,13,-25,96,1,1,1,11,-45,4.035,389.9,TRUE,TRUE,FALSE,4363.3814
Jun 19 2026 00:30:50.000 UTC,1781847050.0,3259.0,31.04805,-103.51277,26,3,35,-27,109,1,1,3,10,-47,4.039,339.0,TRUE,TRUE,FALSE,4423.3527
Jun 19 2026 00:30:51.000 UTC,1781847051.0,3231.8,31.04802,-103.51270,28,3,13,-26,107,1,1,1,12,-45,4.039,311.8,TRUE,TRUE,FALSE,4446.3673
Jun 19 2026 00:30:52.000 UTC,1781847052.0,3205.6,31.04804,-103.51264,27,3,28,-26,66,1,1,3,8,-45,4.038,285.6,TRUE,TRUE,FALSE,4463.4127
Jun 19 2026 00:30:53.000 UTC,1781847053.0,3178.5,31.04805,-103.51253,26,3,37,-27,94,1,1,3,7,-45,4.038,258.5,TRUE,TRUE,FALSE,4499.5161
Jun 19 2026 00:30:54.000 UTC,1781847054.0,3152.0,31.04802,-103.51243,29,3,23,-27,119,1,1,2,14,-46,4.037,232.0,TRUE,TRUE,FALSE,4529.7854
Jun 19 2026 00:30:55.000 UTC,1781847055.0,3122.8,31.04801,-103.51238,27,3,14,-29,56,1,1,1,13,-45,4.037,202.8,TRUE,TRUE,FALSE,4543.8533
Jun 19 2026 00:30:56.000 UTC,1781847056.0,3095.0,31.04804,-103.51231,28,3,34,-31,73,1,1,1,10,-45,4.037,175.0,TRUE,TRUE,FALSE,4568.4024
Jun 19 2026 00:30:57.000 UTC,1781847057.0,3066.0,31.04804,-103.51220,28,3,27,-27,110,1,1,2,15,-48,4.038,146.0,TRUE,TRUE,FALSE,4601.6590
Jun 19 2026 00:30:58.000 UTC,1781847058.0,3034.8,31.04803,-103.51214,28,3,16,-31,73,1,1,1,10,-46,4.038,114.8,TRUE,TRUE,FALSE,4620.4001
Jun 19 2026 00:30:59.000 UTC,1781847059.0,3005.0,31.04805,-103.51206,27,3,33,-29,84,1,1,2,11,-46,4.032,85.0,TRUE,TRUE,FALSE,4644.7651
Jun 19 2026 00:31:00.000 UTC,1781847060.0,2976.1,31.04802,-103.51196,27,3,29,-29,125,1,1,2,13,-46,4.032,56.1,TRUE,TRUE,FALSE,4677.4886
Jun 19 2026 00:31:01.000 UTC,1781847061.0,2946.3,31.04799,-103.51190,26,3,10,-30,105,1,1,1,10,-51,4.03,26.3,TRUE,TRUE,FALSE,4693.3936
Jun 19 2026 00:31:02.000 UTC,1781847062.0,2915.7,31.04800,-103.51185,26,3,31,-22,74,1,1,0,3,-58,4.03,-4.3,TRUE,TRUE,FALSE,4710.3268
Jun 19 2026 00:31:03.000 UTC,1781847063.0,2913.3,31.04801,-103.51182,27,3,6,0,48,1,1,0,9,-58,4.033,-6.7,TRUE,TRUE,TRUE,4720.0712
Jun 19 2026 00:31:04.000 UTC,1781847064.0,2916.5,31.04801,-103.51182,27,3,2,-2,-171,1,1,1,17,-58,4.033,-3.5,TRUE,TRUE,TRUE,4720.0712
Jun 19 2026 00:31:05.000 UTC,1781847065.0,2918.3,31.04801,-103.51182,28,3,0,0,-71,1,1,5,13,-58,4.035,-1.7,TRUE,TRUE,TRUE,4720.0283
Jun 19 2026 00:31:06.000 UTC,1781847066.0,2918.3,31.04801,-103.51182,28,3,0,0,-90,1,1,5,13,-58,4.035,-1.7,TRUE,TRUE,TRUE,4720.0283
Jun 19 2026 00:31:07.000 UTC,1781847067.0,2918.5,31.04801,-103.51182,28,3,0,0,101,1,1,6,13,-58,4.035,-1.5,TRUE,TRUE,TRUE,4719.9856
Jun 19 2026 00:31:08.000 UTC,1781847068.0,2918.7,31.04800,-103.51182,28,3,0,0,-171,1,1,5,13,-58,4.035,-1.3,TRUE,TRUE,TRUE,4719.9430
Jun 19 2026 00:31:09.000 UTC,1781847069.0,2918.6,31.04800,-103.51182,28,3,0,0,75,1,1,5,13,-58,4.035,-1.4,TRUE,TRUE,TRUE,4719.9430
