Wed Jun 17 04:54:11 2026,-13,-119,gBYBBxIAAAAAWoh/RDAUFAAAAAAAAAAAAAAAAA==
Wed Jun 17 04:54:31 2026,0,-114,gBYBBxIAAAAAWol/RDAUFAAAAAAAAAAAAAAAAA==
Wed Jun 17 04:55:13 2026,-12,-117,gBYABxIAumD4QdENz8KJAwAAQDA3
Wed Jun 17 04:55:31 2026,0,-125,gBYBBxIAAAAAWod/PTAUFAAAAAAAAAAAAAAAAA==
Wed Jun 17 04:57:31 2026,0,-114,gBYBBxIAAAAAWoh/OjAUFAAAAAAAAAAAAAAAAA==
Wed Jun 17 04:57:51 2026,-17,-125,gBYBBxIAAAAAWod/OjAUFAAAAAAAAAAAAAAAAA==
Wed Jun 17 04:58:31 2026,0,-113,gBYBBxIAAAAAWod/NDAUFAAAAAAAAAAAAAAAAA==
Wed Jun 17 04:58:51 2026,0,-126,gBYBBxIAAAAAWod/NTAUFAAAAAAAAAAAAAAAAA==
Wed Jun 17 04:59:13 2026,-17,-131,gBYABxIAvmD4QdkNz8KKAwAANTA3
Wed Jun 17 04:59:31 2026,0,-112,gBYBBxIAAAAAWol/NzAUFAAAAAAAAAAAAAAAAA==
Wed Jun 17 04:59:51 2026,0,-124,gBYBBxIAAAAAWod/NTAUFAAAAAAAAAAAAAAAAA==
Wed Jun 17 05:00:11 2026,-13,-122,gBYBBxIAAAAAWoZ/NTAUFAAAAAAAAAAAAAAAAA==
Wed Jun 17 05:00:31 2026,0,-113,gBYBBxIAAAAAWoZ/NTAUFAAAAAAAAAAAAAAAAA==
Wed Jun 17 05:00:51 2026,-11,-113,gBYBBxIAAAAAWod/NDAUFAAAAAAAAAAAAAAAAA==
Wed Jun 17 05:01:11 2026,0,-108,gBYBBxIAAAAAWoh/MjAUFAAAAAAAAAAAAAAAAA==
Wed Jun 17 05:01:13 2026,0,-108,gBYABxIA22D4Qd0Nz8J3AwAAMjA3
Wed Jun 17 05:01:31 2026,0,-109,gBYBBxIAAAAAWoZ/MjAUFAAAAAAAAAAAAAAAAA==
Wed Jun 17 05:01:34 2026,-8,-111,gBYAARIA32D4Qd8Nz8J1AwAALzA3
Wed Jun 17 05:01:51 2026,0,-111,gBYAARIA2GD4Qd8Nz8J4AwAAMDA3
Wed Jun 17 05:02:11 2026,-8,-110,gBYAARIA02D4Qd4Nz8J6AwAAMTA3
Wed Jun 17 05:02:14 2026,-7,-109,gBYAARIA02D4Qd0Nz8J6AwAAMjA3
Wed Jun 17 05:02:31 2026,0,-108,gBYAARIAy2D4QdwNz8J9AwAAMDA3
Wed Jun 17 05:02:51 2026,0,-108,gBYAARIAxGD4QdwNz8J7AwAAKzA3
Wed Jun 17 05:03:11 2026,-9,-112,gBYAARIAwWD4QdsNz8J6AwAAMDA3
Wed Jun 17 05:03:13 2026,0,-110,gBYBARIAAAAAWoZ/MDAUFAAAAAAAAAAAAAAAAA==
Wed Jun 17 05:03:31 2026,0,-108,gBYAARIAzWD4QdkNz8J3AwAALDA3
Wed Jun 17 05:03:51 2026,0,-105,gBYAARIA3WD4QdwNz8JxAwAALDA3
Wed Jun 17 05:04:11 2026,0,-107,gBYAARIA2WD4Qd4Nz8JxAwAALDA3
Wed Jun 17 05:04:31 2026,0,-109,gBYAARIA1GD4Qd4Nz8JyAwAALDA3
Wed Jun 17 05:04:51 2026,-3,-107,gBYAARIA1GD4Qd4Nz8JzAwAAKjA3
Wed Jun 17 05:05:11 2026,0,-105,gBYAARIA2mD4Qd0Nz8JzAwAAKjA3
Wed Jun 17 05:05:13 2026,0,-106,gBYBARIAAAAAWot/KjAUFAAAAAAAAAAAAAAAAA==
Wed Jun 17 05:05:31 2026,0,-109,gBYAARIA12D4QdwNz8J2AwAAJTA3
Wed Jun 17 05:05:51 2026,0,-105,gBYAARIAyWD4QdkNz8J0AwAAKjA3
Wed Jun 17 05:06:11 2026,0,-105,gBYAARIA1mD4QdkNz8J0AwAAIzA3
Wed Jun 17 05:06:31 2026,0,-105,gBYAARIA02D4QdoNz8JzAwAAJzA3
Wed Jun 17 05:06:51 2026,0,-105,gBYAARIAyWD4QdoNz8JyAwAAKDA3
Wed Jun 17 05:07:11 2026,0,-107,gBYAARIAwWD4QdgNz8J0AwAAJzA3
Wed Jun 17 05:07:13 2026,0,-106,gBYBARIAAAAAWoZ/JzAUFAAAAAAAAAAAAAAAAA==
Wed Jun 17 05:07:31 2026,-4,-106,gBYAARIAvWD4QdcNz8J5AwAAJzA3
Wed Jun 17 05:07:51 2026,0,-130,gBYAARIAvWD4QdcNz8J6AwAAJjA3
Wed Jun 17 05:08:11 2026,0,-108,gBYAARIAt2D4QdUNz8J7AwAAIzA3
Wed Jun 17 05:08:31 2026,0,-108,gBYAARIAtmD4QdUNz8J6AwAAJTA3
Wed Jun 17 05:08:51 2026,0,-105,gBYAARIAuWD4QdYNz8J3AwAAIzA3
Wed Jun 17 05:09:11 2026,0,-107,gBYAARIAvGD4QdUNz8J5AwAAIjA3
Wed Jun 17 05:09:13 2026,-5,-108,gBYBARIAAAAAWoZ/IjAUFAAAAAAAAAAAAAAAAA==
Wed Jun 17 05:09:31 2026,0,-106,gBYAARIAuGD4QdQNz8J6AwAAIzA3
Wed Jun 17 05:09:51 2026,0,-106,gBYAARIAwWD4QdcNz8J0AwAAHDA3
Wed Jun 17 05:10:11 2026,0,-106,gBYAARIAwGD4QdcNz8JzAwAAHTA3
Wed Jun 17 05:10:31 2026,-6,-107,gBYAARIAyGD4QdcNz8JxAwAAIDA3
Wed Jun 17 05:10:51 2026,0,-106,gBYAARIA0WD4QdkNz8JtAwAAHDA3
Wed Jun 17 05:11:11 2026,-5,-106,gBYAARIA1GD4QdkNz8JoAwAAIDA3
Wed Jun 17 05:11:13 2026,0,-105,gBYBARIAAAAAWod/IDAUFAAAAAAAAAAAAAAAAA==
Wed Jun 17 05:11:31 2026,0,-114,gBYAARIA2WD4QdsNz8JjAwAAHTA3
Wed Jun 17 05:11:51 2026,-2,-108,gBYAARIA5GD4QdgNz8JhAwAAIDA3
Wed Jun 17 05:12:11 2026,-2,-106,gBYAARIA4WD4QdcNz8JfAwAAITA3
Wed Jun 17 05:12:31 2026,0,-107,gBYAARIA5GD4QdcNz8JhAwAAHTA3
Wed Jun 17 05:12:51 2026,0,-105,gBYAARIAymD4QdcNz8JoAwAAGTA3
Wed Jun 17 05:13:11 2026,-4,-106,gBYAARIA0mD4QdYNz8JqAwAAHDA3
Wed Jun 17 05:13:13 2026,0,-106,gBYBARIAAAAAWoR/HDAUFAAAAAAAAAAAAAAAAA==
Wed Jun 17 05:13:31 2026,0,-108,gBYAARIAzWD4QdYNz8JsAwAAGTA3
Wed Jun 17 05:13:51 2026,-4,-107,gBYAARIAymD4QdUNz8JtAwAAHTA3
Wed Jun 17 05:14:11 2026,0,-104,gBYAARIA3mD4QdYNz8JlAwAAFDA3
Wed Jun 17 05:14:14 2026,0,-107,gBYAARIA3WD4QdUNz8JlAwAAGTA3
Wed Jun 17 05:14:31 2026,0,-106,gBYAARIA0mD4QdUNz8JrAwAAGDA3
Wed Jun 17 05:14:51 2026,0,-105,gBYAARIAymD4QdUNz8JuAwAAGTA3
Wed Jun 17 05:15:11 2026,-4,-105,gBYAARIA1mD4QdUNz8JpAwAAGTA3
Wed Jun 17 05:15:13 2026,0,-106,gBYBARIAAAAAWod/GTAUFAAAAAAAAAAAAAAAAA==
Wed Jun 17 05:15:31 2026,0,-105,gBYAARIAz2D4QdMNz8JqAwAAFDA3
Wed Jun 17 05:15:51 2026,-8,-114,gBYAARIAyWD4QdUNz8JpAwAAGTA3
Wed Jun 17 05:16:11 2026,0,-105,gBYAARIAumD4QdMNz8JuAwAAGDA3
Wed Jun 17 05:16:31 2026,0,-112,gBYAARIAy2D4QdQNz8JxAwAAEDA3
Wed Jun 17 05:16:51 2026,-5,-107,gBYAARIA2GD4QdgNz8JyAwAAFTA3
Wed Jun 17 05:17:11 2026,0,-106,gRYAARIAx2D4QdYNz8JxAwAAFzA3
Wed Jun 17 05:17:13 2026,0,-107,gBYBARIAAAAAWod/FzAUFAAAAAAAAAAAAAAAAA==
Wed Jun 17 05:17:31 2026,0,-105,gBYAARIAy2D4QdgNz8JyAwAAFzA3
Wed Jun 17 05:17:51 2026,-1,-107,gBYAARIAy2D4QdkNz8JzAwAAFTA3
Wed Jun 17 05:18:11 2026,0,-104,gBYAARIAxGD4QdoNz8JvAwAAFTA3
Wed Jun 17 05:18:14 2026,0,-106,gBYAARIAw2D4QdoNz8JuAwAAEzA3
Wed Jun 17 05:18:31 2026,0,-105,gBYAARIA1GD4QdsNz8JtAwAAFDA3
Wed Jun 17 05:18:51 2026,0,-105,gBYAARIAzmD4QdsNz8JzAwAAFDA3
Wed Jun 17 05:19:11 2026,0,-108,gBYAARIAxmD4QdgNz8J0AwAAEzA3
Wed Jun 17 05:19:13 2026,0,-106,gBYBARIAAAAAWod/EzAUFAAAAAAAAAAAAAAAAA==
Wed Jun 17 05:19:31 2026,0,-105,gBYAARIA0GD4QdkNz8J1AwAAEjA3
Wed Jun 17 05:19:51 2026,0,-106,gBYAARIAymD4QdkNz8J1AwAAEjA3
Wed Jun 17 05:20:11 2026,-2,-107,gBYAARIAwmD4QdUNz8J2AwAAEDA3
Wed Jun 17 05:20:31 2026,0,-109,gBYAARIAwWD4QdYNz8J2AwAAEDA3
Wed Jun 17 05:20:51 2026,0,-106,gBYAARIAt2D4QdUNz8J4AwAADzA3
Wed Jun 17 05:21:11 2026,0,-106,gBYAARIAsmD4QdQNz8J5AwAADzA3
Wed Jun 17 05:21:13 2026,0,-105,gBYBARIAAAAAWoV/DzAUFAAAAAAAAAAAAAAAAA==
Wed Jun 17 05:21:31 2026,-2,-106,gBYAARIAw2D4QdYNz8J1AwAADjA3
Wed Jun 17 05:21:51 2026,0,-107,gBYAARIAwmD4QdYNz8J2AwAADjA3
Wed Jun 17 05:22:11 2026,-2,-107,gBYAARIAx2D4QdcNz8JxAwAADzA3
Wed Jun 17 05:22:31 2026,0,-107,gBYAARIAyWD4QdkNz8JwAwAADjA3
Wed Jun 17 05:22:51 2026,0,-107,gBYAARIAx2D4QdcNz8JxAwAADTA3
Wed Jun 17 05:23:11 2026,0,-104,gBYAARIAxmD4QdgNz8JwAwAACTA3
Wed Jun 17 05:23:13 2026,0,-114,gBYBARIAAAAAWod/CTAUFAAAAAAAAAAAAAAAAA==
Wed Jun 17 05:23:31 2026,-6,-113,gBYAARIA0GD4QdQNz8JqAwAADTA3
Wed Jun 17 05:23:51 2026,-5,-108,gBYAARIAwmD4QdENz8JtAwAADDA3
Wed Jun 17 05:24:11 2026,0,-106,gBYAARIAvGD4QdMNz8JtAwAADTA3
Wed Jun 17 05:24:14 2026,0,-107,gBYAARIAvmD4QdINz8JuAwAADDA3
Wed Jun 17 05:24:31 2026,-4,-107,gBYAARIAx2D4QdQNz8JuAwAADDA3
Wed Jun 17 05:24:51 2026,0,-106,gBYAARIAyGD4Qc8Nz8JrAwAADDA3
Wed Jun 17 05:25:11 2026,-2,-105,gBYAARIAwGD4QdINz8JsAwAACjA3
Wed Jun 17 05:25:13 2026,0,-105,gBYBARIAAAAAWoZ/CjAUFAAAAAAAAAAAAAAAAA==
Wed Jun 17 05:25:31 2026,0,-105,gBYAARIAumD4QdQNz8JuAwAACjA3
Wed Jun 17 05:25:51 2026,0,-105,gBYAARIAuGD4QdQNz8JvAwAACjA3
Wed Jun 17 05:26:11 2026,0,-105,gBYAARIAuWD4QdUNz8JyAwAACTA3
Wed Jun 17 05:26:14 2026,0,-104,gBYAARIAvGD4QdYNz8JzAwAACTA3
Wed Jun 17 05:26:31 2026,0,-106,gBYAARIAuGD4QdUNz8J1AwAACTA3
Wed Jun 17 05:26:51 2026,-1,-105,gBYAARIAuWD4QdYNz8J7AwAACDA3
Wed Jun 17 05:27:11 2026,-1,-104,gBYAARIAumD4QdYNz8J6AwAACDA3
Wed Jun 17 05:27:13 2026,0,-103,gBYBARIAAAAAWoZ/CDAUFAAAAAAAAAAAAAAAAA==
Wed Jun 17 05:27:31 2026,0,-105,gBYAARIAx2D4QdkNz8J4AwAABzA3
Wed Jun 17 05:27:51 2026,-1,-105,gBYAARIAzWD4QdoNz8J5AwAABzA3
Wed Jun 17 05:28:11 2026,0,-105,gBYAARIAwmD4QdcNz8J5AwAABTA3
Wed Jun 17 05:28:14 2026,0,-105,gBYAARIAwmD4QdcNz8J4AwAACDA3
Wed Jun 17 05:28:31 2026,0,-105,gBYAARIAwmD4QdcNz8J4AwAABzA3
Wed Jun 17 05:28:51 2026,0,-108,gBYAARIAwWD4QdcNz8J3AwAABTA3
Wed Jun 17 05:29:11 2026,0,-112,gBYAARIAu2D4QdYNz8J4AwAABDA3
Wed Jun 17 05:29:13 2026,0,-112,gBYBARIAAAAAWod/BDAUFAAAAAAAAAAAAAAAAA==
Wed Jun 17 05:29:31 2026,0,-111,gBYAARIAumD4QdcNz8J4AwAAADA3
Wed Jun 17 05:29:51 2026,0,-110,gBYAARIAvWD4QdgNz8J4AwAAAjA3
Wed Jun 17 05:30:11 2026,-7,-111,gBYAARIAvmD4QdoNz8J3AwAAAzA3
Wed Jun 17 05:30:31 2026,0,-111,gBYAARIAx2D4QdoNz8J1AwAA+y83
Wed Jun 17 05:30:51 2026,0,-112,gBYAARIAzmD4QdsNz8J1AwAAAjA3
Wed Jun 17 05:31:11 2026,-8,-111,gBYAARIA1GD4QdsNz8J3AwAABDA3
Wed Jun 17 05:31:13 2026,0,-111,gBYBARIAAAAAWod/BDAUFAAAAAAAAAAAAAAAAA==
Wed Jun 17 05:31:31 2026,0,-112,gBYAARIA2GD4QdoNz8J3AwAAAjA3
Wed Jun 17 05:31:51 2026,0,-111,gBYAARIAzWD4QdgNz8J0AwAAAjA3
Wed Jun 17 05:32:11 2026,-10,-111,gBYAARIAw2D4QdcNz8JwAwAAAjA3
Wed Jun 17 05:32:31 2026,0,-106,gBYAARIAwWD4QdcNz8JvAwAAAjA3
Wed Jun 17 05:32:51 2026,0,-110,gBYAARIAv2D4QdcNz8JyAwAAAzA3
Wed Jun 17 05:33:11 2026,-8,-108,gBYAARIAt2D4QdYNz8JwAwAAADA3
Wed Jun 17 05:33:13 2026,0,-107,gBYBARIAAAAAWoZ/ADAUFAAAAAAAAAAAAAAAAA==
Wed Jun 17 05:33:31 2026,-7,-107,gBYAARIAuGD4QdcNz8JzAwAAAjA3
Wed Jun 17 05:33:51 2026,-8,-108,gBYAARIAuGD4QdYNz8J1AwAAAjA3
Wed Jun 17 05:34:11 2026,0,-107,gBYAARIAuWD4QdcNz8J1AwAA/y83
Wed Jun 17 05:34:14 2026,0,-108,gBYAARIAu2D4QdgNz8J4AwAAADA3
Wed Jun 17 05:34:31 2026,0,-108,gBYAARIAvGD4QdcNz8J5AwAA/y83
Wed Jun 17 05:34:51 2026,0,-109,gBYAARIAv2D4QdgNz8J3AwAA/S83
Wed Jun 17 05:35:11 2026,0,-108,gBYAARIAxGD4QdoNz8J2AwAA/S83
Wed Jun 17 05:35:13 2026,0,-108,gBYBARIAAAAAWoZ//S8UFAAAAAAAAAAAAAAAAA==
Wed Jun 17 05:35:31 2026,-7,-106,gBYAARIAyWD4QdwNz8J2AwAA/i83
Wed Jun 17 05:35:51 2026,-8,-108,gBYAARIAyWD4QdwNz8J5AwAA/y83
Wed Jun 17 05:36:11 2026,0,-110,gBYAARIA0WD4QdwNz8J3AwAA/S83
Wed Jun 17 05:36:31 2026,0,-112,gBYAARIA1GD4Qd0Nz8J3AwAA/i83
Wed Jun 17 05:36:51 2026,0,-108,gBYAARIAzWD4QdoNz8J4AwAA+C83
Wed Jun 17 05:37:11 2026,0,-108,gBYAARIAxmD4QdoNz8J3AwAA/S83
Wed Jun 17 05:37:13 2026,0,-108,gBYBARIAAAAAWoh//S8UFAAAAAAAAAAAAAAAAA==
Wed Jun 17 05:37:31 2026,-8,-107,gBYAARIAyWD4QdkNz8J0AwAA/i83
Wed Jun 17 05:37:51 2026,-8,-108,gBYAARIAx2D4QdkNz8J0AwAA+y83
Wed Jun 17 05:38:11 2026,0,-106,gBYAARIAwWD4QdgNz8J3AwAA+y83
Wed Jun 17 05:38:31 2026,0,-107,gBYAARIAvWD4QdgNz8J0AwAA+i83
Wed Jun 17 05:38:51 2026,0,-108,gBYAARIAvGD4QdgNz8JzAwAA+y83
Wed Jun 17 05:39:11 2026,0,-109,gBYAARIAwWD4QdkNz8J1AwAA+i83
Wed Jun 17 05:39:13 2026,-7,-107,gBYBARIAAAAAWoh/+i8UFAAAAAAAAAAAAAAAAA==
Wed Jun 17 05:39:31 2026,-8,-108,gBYAARIAwmD4QdgNz8J1AwAA+i83
Wed Jun 17 05:39:51 2026,-7,-108,gBYAARIAymD4QdgNz8J1AwAA+y83
Wed Jun 17 05:40:11 2026,0,-108,gBYAARIAy2D4QdgNz8J1AwAA+C83
Wed Jun 17 05:40:31 2026,0,-108,gBYAARIAyGD4QdYNz8J0AwAA+C83
Wed Jun 17 05:40:51 2026,-7,-108,gBYAARIAxWD4QdcNz8J2AwAA+i83
Wed Jun 17 05:41:11 2026,0,-111,gBYAARIAxWD4QdcNz8J3AwAA+C83
Wed Jun 17 05:41:13 2026,0,-108,gBYBARIAAAAAWod/+C8UFAAAAAAAAAAAAAAAAA==
Wed Jun 17 05:41:31 2026,0,-107,gBYAARIAw2D4QdcNz8J3AwAA9i83
Wed Jun 17 05:41:51 2026,0,-106,gBYAARIAw2D4QdgNz8J5AwAA+S83
Wed Jun 17 05:42:11 2026,0,-107,gBYAARIAw2D4QdgNz8J5AwAA+i83
Wed Jun 17 05:42:14 2026,0,-108,gBYAARIAwmD4QdgNz8J5AwAA9C83
Wed Jun 17 05:42:31 2026,0,-107,gBYAARIAvmD4QdgNz8J5AwAA9i83
Wed Jun 17 05:42:51 2026,0,-107,gBYAARIAumD4QdgNz8J6AwAA9i83
Wed Jun 17 05:43:11 2026,2,-106,gBYAARIAumD4QdcNz8J4AwAA9i83
Wed Jun 17 05:43:13 2026,0,-106,gBYBARIAAAAAWoR/9i8UFAAAAAAAAAAAAAAAAA==
Wed Jun 17 05:43:31 2026,0,-107,gBYAARIAxGD4QdkNz8J6AwAA+C83
Wed Jun 17 05:43:51 2026,0,-107,gBYAARIAxmD4QdkNz8J8AwAA9S83
Wed Jun 17 05:44:11 2026,0,-107,gBYAARIAw2D4QdgNz8J7AwAA9S83
Wed Jun 17 05:44:31 2026,0,-107,gBYAARIAxWD4QdgNz8J7AwAA9C83
Wed Jun 17 05:44:51 2026,3,-107,gBYAARIAw2D4QdgNz8J8AwAA9C83
Wed Jun 17 05:45:11 2026,3,-106,gBYAARIAzWD4QdkNz8J5AwAA9S83
Wed Jun 17 05:45:13 2026,0,-106,gBYBARIAAAAAWoh/9S8UFAAAAAAAAAAAAAAAAA==
Wed Jun 17 05:45:31 2026,0,-106,gBYAARIAzmD4QdkNz8J2AwAA8y83
Wed Jun 17 05:45:51 2026,0,-106,gBYAARIAymD4QdkNz8J1AwAA9C83
Wed Jun 17 05:46:11 2026,0,-107,gBYAARIAwmD4QdgNz8J0AwAA9C83
Wed Jun 17 05:46:14 2026,2,-107,gBYAARIAwWD4QdgNz8JzAwAA9C83
Wed Jun 17 05:46:31 2026,0,-106,gBYAARIAvWD4QdgNz8JzAwAA8S83
Wed Jun 17 05:46:51 2026,3,-107,gBYAARIAvGD4QdgNz8JyAwAA8y83
Wed Jun 17 05:47:11 2026,3,-106,gBYAARIAtmD4QdkNz8J1AwAA9C83
Wed Jun 17 05:47:13 2026,0,-108,gBYBARIAAAAAWod/9C8UFAAAAAAAAAAAAAAAAA==
Wed Jun 17 05:47:31 2026,3,-107,gBYAARIAuWD4QdcNz8J0AwAA8y83
Wed Jun 17 05:47:51 2026,3,-108,gBYAARIAumD4QdgNz8JzAwAA8y83
Wed Jun 17 05:48:11 2026,0,-107,gBYAARIAu2D4QdoNz8J0AwAA8y83
Wed Jun 17 05:48:14 2026,0,-108,gBYAARIAuWD4QdsNz8J1AwAA8y83
Wed Jun 17 05:48:31 2026,0,-108,gBYAARIAumD4QdkNz8J0AwAA8S83
Wed Jun 17 05:48:51 2026,0,-108,gBYAARIAvmD4QdYNz8JzAwAA8y83
Wed Jun 17 05:49:11 2026,0,-107,gBYAARIAx2D4QdYNz8JwAwAA8S83
Wed Jun 17 05:49:13 2026,3,-107,gBYBARIAAAAAWoh/8S8UFAAAAAAAAAAAAAAAAA==
Wed Jun 17 05:49:31 2026,-1,-110,gBYAARIAx2D4QdYNz8JrAwAA8S83
Wed Jun 17 05:49:51 2026,0,-108,gBYAARIAuWD4QdMNz8JpAwAA8C83
Wed Jun 17 05:50:11 2026,0,-107,gBYAARIAu2D4QdMNz8JsAwAA8C83
Wed Jun 17 05:50:14 2026,0,-107,gBYAARIAu2D4QdMNz8JsAwAA8C83
Wed Jun 17 05:50:31 2026,0,-108,gBYAARIAwWD4QdYNz8JzAwAA8C83
Wed Jun 17 05:50:51 2026,0,-108,gBYAARIAvGD4QdUNz8JzAwAA8S83
Wed Jun 17 05:51:11 2026,0,-106,gBYAARIAuWD4QdQNz8J0AwAA8C83
Wed Jun 17 05:51:13 2026,-1,-107,gBYBARIAAAAAWod/8C8UFAAAAAAAAAAAAAAAAA==
Wed Jun 17 05:51:31 2026,0,-107,gBYAARIAuGD4QdUNz8J0AwAA7S83
Wed Jun 17 05:51:51 2026,0,-106,gBYAARIAumD4QdcNz8J2AwAA7C83
Wed Jun 17 05:52:11 2026,0,-107,gBYAARIAtGD4QdkNz8J7AwAA7y83
Wed Jun 17 05:52:31 2026,0,-107,gBYAARIAr2D4QdgNz8J9AwAA7y83
Wed Jun 17 05:52:51 2026,4,-107,gBYAARIAr2D4QdgNz8J9AwAA7y83
Wed Jun 17 05:53:11 2026,0,-106,gBYAARIArWD4QdUNz8KBAwAA7S83
Wed Jun 17 05:53:13 2026,0,-106,gBYBARIAAAAAWoZ/7S8UFAAAAAAAAAAAAAAAAA==
Wed Jun 17 05:53:31 2026,2,-106,gBYAARIAr2D4QdUNz8KBAwAA7C83
Wed Jun 17 05:53:51 2026,0,-107,gBYAARIAtmD4QdcNz8KAAwAA7C83
Wed Jun 17 05:54:11 2026,0,-106,gBYAARIAtmD4QdYNz8J/AwAA7S83
Wed Jun 17 05:54:14 2026,0,-106,gBYAARIAtWD4QdYNz8KAAwAA6C83
Wed Jun 17 05:54:31 2026,0,-106,gBYAARIAtWD4QdYNz8KCAwAA7S83
Wed Jun 17 05:54:51 2026,0,-106,gBYAARIAvWD4QdcNz8J+AwAA6y83
Wed Jun 17 05:55:11 2026,0,-106,gRYAARIAumD4QdYNz8J+AwAA7C83
Wed Jun 17 05:55:13 2026,0,-106,gBYBARIAAAAAWod/7C8UFAAAAAAAAAAAAAAAAA==
Wed Jun 17 05:55:31 2026,0,-106,gBYAARIAuGD4QdUNz8J8AwAA6i83
Wed Jun 17 05:55:51 2026,0,-107,gBYAARIAu2D4QdYNz8J6AwAA7C83
Wed Jun 17 05:56:11 2026,0,-107,gBYAARIAtmD4QdYNz8J7AwAA6i83
Wed Jun 17 05:56:31 2026,0,-106,gBYAARIAsmD4QdUNz8J9AwAA7C83
Wed Jun 17 05:56:51 2026,0,-107,gBYAARIAvGD4QdYNz8J5AwAA6y83
Wed Jun 17 05:57:11 2026,0,-106,gBYAARIAuGD4QdYNz8J6AwAA6C83
Wed Jun 17 05:57:13 2026,0,-107,gBYBARIAAAAAWod/6C8UFAAAAAAAAAAAAAAAAA==
Wed Jun 17 05:57:31 2026,0,-106,gBYAARIAsWD4QdUNz8J8AwAA6i83
Wed Jun 17 05:57:51 2026,0,-108,gBYAARIAtGD4QdUNz8J8AwAA6i83
Wed Jun 17 05:58:11 2026,-1,-109,gBYAARIAvmD4QdcNz8J5AwAA5y83
Wed Jun 17 05:58:14 2026,0,-106,gBYAARIAvmD4QdYNz8J6AwAA6i83
Wed Jun 17 05:58:31 2026,0,-106,gBYAARIAvWD4QdYNz8J6AwAA6i83
Wed Jun 17 05:58:51 2026,0,-106,gBYAARIAuWD4QdYNz8J8AwAA6C83
Wed Jun 17 05:59:11 2026,0,-108,gBYAARIAu2D4QdcNz8J9AwAA6i83
Wed Jun 17 05:59:13 2026,-4,-107,gBYBARIAAAAAWod/6i8UFAAAAAAAAAAAAAAAAA==
Wed Jun 17 05:59:31 2026,3,-107,gBYAARIAvmD4QdgNz8J8AwAA5i83
Wed Jun 17 05:59:51 2026,0,-107,gBYAARIAv2D4QdgNz8J8AwAA5i83
Wed Jun 17 06:00:11 2026,3,-106,gBYAARIAu2D4QdYNz8J9AwAA5y83
Wed Jun 17 06:00:14 2026,0,-107,gBYAARIAu2D4QdYNz8J9AwAA6C83
Wed Jun 17 06:00:31 2026,3,-106,gBYAARIAtWD4QdUNz8J/AwAA5y83
Wed Jun 17 06:00:51 2026,0,-106,gBYAARIAu2D4QdcNz8J9AwAA5y83
Wed Jun 17 06:01:11 2026,3,-106,gBYAARIAuGD4QdcNz8J8AwAA5y83
Wed Jun 17 06:01:13 2026,0,-106,gBYBARIAAAAAWop/5y8UFAAAAAAAAAAAAAAAAA==
Wed Jun 17 06:01:31 2026,0,-107,gBYAARIAtWD4QdYNz8J+AwAA5S83
Wed Jun 17 06:01:51 2026,0,-107,gBYAARIAs2D4QdcNz8J+AwAA5y83
Wed Jun 17 06:02:11 2026,0,-107,gBYAARIAtWD4QdkNz8J+AwAA5y83
Wed Jun 17 06:02:31 2026,4,-106,gBYAARIAuGD4QdgNz8J8AwAA5S83
Wed Jun 17 06:02:51 2026,0,-107,gBYAARIAuGD4QdgNz8J7AwAA5i83
Wed Jun 17 06:03:11 2026,0,-106,gBYAARIAvGD4QdgNz8J6AwAA5S83
Wed Jun 17 06:03:13 2026,0,-107,gBYBARIAAAAAWoR/5S8UFAAAAAAAAAAAAAAAAA==
Wed Jun 17 06:03:31 2026,3,-106,gBYAARIAu2D4QdcNz8J6AwAA5S83
Wed Jun 17 06:03:51 2026,0,-106,gBYAARIAv2D4QdgNz8J6AwAA5i83
Wed Jun 17 06:04:11 2026,4,-106,gBYAARIAw2D4QdkNz8J5AwAA5i83
Wed Jun 17 06:04:31 2026,0,-107,gBYAARIAwmD4QdgNz8J5AwAA5S83
Wed Jun 17 06:04:51 2026,0,-107,gBYAARIAxWD4QdgNz8J3AwAA5S83
Wed Jun 17 06:05:11 2026,0,-105,gBYAARIAxWD4QdgNz8J4AwAA5S83
Wed Jun 17 06:05:13 2026,0,-107,gBYBARIAAAAAWoh/5S8UFAAAAAAAAAAAAAAAAA==
Wed Jun 17 06:05:31 2026,3,-107,gBYAARIAwGD4QdcNz8J8AwAA4y83
Wed Jun 17 06:05:51 2026,0,-107,gBYAARIAwGD4QdgNz8J8AwAA4y83
Wed Jun 17 06:06:11 2026,2,-107,gBYAARIAxWD4QdkNz8J6AwAA5S83
